sample_id	machine	archive_category	parameter_cell	validation_stratum	strict_snr	source	file	line	mH	mA	mHc	m12sq	sba	tb
1	office	thdmtool_only	m1_s0	numeric_boundary	0.0	random_20260831_095826.md	/home/yancy/Software/Bin/MathRelated/MultiNest/data_office/classified/thdmtool_only_1.csv	677	9.775760000000000e+01	2.406290000000000e+02	2.456870000000000e+02	6.496160000000000e+02	2.246640000000000e-02	8.844900000000001e+00
2	office	thdmtool_only	m1_s0	numeric_boundary	0.0	random_20260831_095833.md	/home/yancy/Software/Bin/MathRelated/MultiNest/data_office/classified/thdmtool_only_1.csv	17159	7.523449638214895e+01	4.523407817207581e+02	4.458881100380839e+02	6.090972778087488e+02	2.229768520382660e-02	6.092892350730450e+00
3	office	thdmtool_only	m1_s0	numeric_boundary	0.0	random_20260901_123251.md	/home/yancy/Software/Bin/MathRelated/MultiNest/data_office/classified/thdmtool_only_2.csv	12721	1.245600496548170e+02	5.151956641646765e+02	5.159068339900819e+02	1.461175768492147e+03	5.268125337097418e-03	9.869363051090341e+00
4	qiushi	thdmtool_only	m1_s0	numeric_boundary	0.0	random_20260817_182439.md	/home/yancy/Software/Bin/MathRelated/MultiNest/data_qiushi/classified/thdmtool_only_1.csv	211	1.203870000000000e+02	3.098350000000000e+02	3.148660000000000e+02	9.596150000000000e+02	3.895600000000000e-02	1.083600000000000e+01
5	qiushi	thdmtool_only	m1_s0	numeric_boundary	0.0	random_20260817_182439.md	/home/yancy/Software/Bin/MathRelated/MultiNest/data_qiushi/classified/thdmtool_only.csv	14404	7.921970000000000e+01	4.016050000000000e+02	4.018070000000000e+02	3.871950000000000e+02	2.996680000000000e-03	8.731629999999999e+00
6	qiushi	both	m1_s0	numeric_boundary	3.279561833324538e-16	typeI_mH62-125/random_20260818_171842.md	/home/yancy/Software/Bin/MathRelated/MultiNest/data_qiushi/classified/both.csv	9278	9.637490000000000e+01	2.875520000000000e+02	2.748370000000000e+02	6.499410000000000e+02	3.669130000000000e-02	1.079310000000000e+01
7	yuanyuan	thdmtool_only	m1_s0	numeric_boundary	0.0	random_20260815_194935.md	/home/yancy/Software/Bin/MathRelated/MultiNest/data_yuanyuan/classified/thdmtool_only.csv	5567	6.695310000000001e+01	3.693660000000000e+02	3.599900000000000e+02	3.704920000000000e+02	4.962860000000000e-02	8.731690000000000e+00
8	yuanyuan	thdmtool_only	m1_s0	numeric_boundary	0.0	random_20260815_194935.md	/home/yancy/Software/Bin/MathRelated/MultiNest/data_yuanyuan/classified/thdmtool_only.csv	7684	8.627660000000000e+01	3.030740000000000e+02	2.894850000000000e+02	1.199210000000000e+03	2.039640000000000e-02	6.319180000000000e+00
9	yuanyuan	thdmtool_only	m1_s0	numeric_boundary	0.0	random_20260815_194935.md	/home/yancy/Software/Bin/MathRelated/MultiNest/data_yuanyuan/classified/thdmtool_only.csv	7930	7.106630000000000e+01	3.674300000000000e+02	3.704670000000000e+02	4.056670000000000e+02	2.354020000000000e-02	1.121510000000000e+01
10	office	thdmtool_only	m1_s1	numeric_boundary	0.0	random_20260901_123243.md	/home/yancy/Software/Bin/MathRelated/MultiNest/data_office/classified/thdmtool_only_3.csv	7928	9.622000000000000e+01	2.417420000000000e+02	2.421240000000000e+02	5.672680000000000e+02	1.316340000000000e-01	6.349650000000000e+00
11	office	thdmtool_only	m1_s1	numeric_boundary	0.0	random_20260901_123243.md	/home/yancy/Software/Bin/MathRelated/MultiNest/data_office/classified/thdmtool_only_3.csv	8367	1.053650000000000e+02	4.198630000000000e+02	4.183740000000000e+02	7.078770000000000e+02	8.552129999999999e-02	1.197510000000000e+01
12	office	thdmtool_only	m1_s1	numeric_boundary	0.0	random_20260901_123251.md	/home/yancy/Software/Bin/MathRelated/MultiNest/data_office/classified/thdmtool_only_2.csv	15868	1.036333280339753e+02	2.300021990502584e+02	2.466929280954760e+02	5.691576922795962e+02	1.659363806886218e-01	8.378780849266009e+00
13	qiushi	thdmtool_only	m1_s1	numeric_boundary	0.0	random_20260815_194920.md	/home/yancy/Software/Bin/MathRelated/MultiNest/data_qiushi/classified/thdmtool_only.csv	697	7.048930000000000e+01	3.058630000000000e+02	2.986260000000000e+02	6.004390000000000e+02	1.438370000000000e-01	6.905140000000000e+00
14	qiushi	thdmtool_only	m1_s1	numeric_boundary	0.0	random_20260821_011644.md	/home/yancy/Software/Bin/MathRelated/MultiNest/data_qiushi/classified/thdmtool_only_1.csv	7708	7.654460000000000e+01	4.688500000000000e+02	4.611370000000000e+02	3.506560000000000e+02	6.131440000000000e-02	6.533670000000000e+00
15	qiushi	thdmtool_only	m1_s1	numeric_boundary	0.0	random_20260901_134416.md	/home/yancy/Software/Bin/MathRelated/MultiNest/data_qiushi/classified/thdmtool_only_2.csv	2413	1.042640000000000e+02	3.705680000000000e+02	3.712380000000000e+02	7.697820000000000e+02	1.861620000000000e-01	7.564030000000000e+00
16	yuanyuan	thdmtool_only	m1_s1	numeric_boundary	0.0	random_20260813_154904.md	/home/yancy/Software/Bin/MathRelated/MultiNest/data_yuanyuan/classified/thdmtool_only.csv	526	1.104130000000000e+02	3.088500000000000e+02	3.054950000000000e+02	7.676020000000000e+02	1.283900000000000e-01	1.294080000000000e+01
17	yuanyuan	thdmtool_only	m1_s1	numeric_boundary	0.0	random_20260816_190714.md	/home/yancy/Software/Bin/MathRelated/MultiNest/data_yuanyuan/classified/thdmtool_only.csv	13696	8.668989999999999e+01	4.005180000000000e+02	3.978800000000000e+02	5.571580000000000e+02	9.982790000000000e-02	1.214280000000000e+01
18	yuanyuan	thdmtool_only	m1_s1	numeric_boundary	0.0	random_20260831_090924.md	/home/yancy/Software/Bin/MathRelated/MultiNest/data_yuanyuan/classified/thdmtool_only_2.csv	13635	1.003400000000000e+02	2.864460000000000e+02	2.825650000000000e+02	9.162340000000000e+01	1.944590000000000e-01	5.300620000000000e+00
19	qiushi	thdmtool_only	m1_s2	numeric_boundary	0.0	random_20260820_084408.md	/home/yancy/Software/Bin/MathRelated/MultiNest/data_qiushi/classified/thdmtool_only_1.csv	6003	8.185610000000000e+01	3.335880000000000e+02	3.341260000000000e+02	8.262070000000000e+02	2.160020000000000e-01	6.543730000000000e+00
20	qiushi	thdmtool_only	m1_s2	numeric_boundary	0.0	random_20260820_084408.md	/home/yancy/Software/Bin/MathRelated/MultiNest/data_qiushi/classified/thdmtool_only_1.csv	6119	8.255820000000000e+01	3.104850000000000e+02	3.193570000000000e+02	1.045770000000000e+03	2.230110000000000e-01	5.247640000000000e+00
21	qiushi	thdmtool_only	m1_s2	numeric_boundary	0.0	random_20260820_084408.md	/home/yancy/Software/Bin/MathRelated/MultiNest/data_qiushi/classified/thdmtool_only_1.csv	7339	7.615340000000000e+01	2.970700000000000e+02	2.876600000000000e+02	3.413910000000000e+02	2.116630000000000e-01	5.273260000000000e+00
22	office	thdmtool_only	m2_s3	numeric_boundary	0.0	async_mcmc_20260903_212216.md	/home/yancy/Software/Bin/MathRelated/MultiNest/data_office/classified/thdmtool_only_4.csv	9841	1.262255654745220e+02	4.453002810566269e+02	4.354427392790690e+02	1.202522426975031e+03	9.817616348752298e-01	7.893632160738592e+00
23	office	thdmtool_only	m2_s3	numeric_boundary	0.0	random_20260822_004933.md	/home/yancy/Software/Bin/MathRelated/MultiNest/data_office/classified/thdmtool_only.csv	46170	1.257077486259027e+02	4.523950437045142e+02	4.588856067204054e+02	1.165377662282611e+03	9.899825816896600e-01	5.786749966620033e+00
24	office	thdmtool_only	m2_s3	numeric_boundary	0.0	random_20260822_061721.md	/home/yancy/Software/Bin/MathRelated/MultiNest/data_office/classified/thdmtool_only.csv	47161	1.265105527184557e+02	4.670472210352377e+02	4.621038714107134e+02	1.018549008960544e+03	9.573532179412689e-01	1.348301287006265e+01
25	qiushi	thdmtool_only	m2_s3	numeric_boundary	0.0	random_20260815_194920.md	/home/yancy/Software/Bin/MathRelated/MultiNest/data_qiushi/classified/thdmtool_only.csv	2993	1.278300000000000e+02	4.458610000000000e+02	4.493290000000000e+02	1.054500000000000e+03	9.754389999999999e-01	1.450530000000000e+01
26	qiushi	thdmtool_only	m2_s3	numeric_boundary	0.0	random_20260824_004325.md	/home/yancy/Software/Bin/MathRelated/MultiNest/data_qiushi/classified/thdmtool_only_1.csv	11435	1.251830000000000e+02	5.433780000000000e+02	5.363180000000000e+02	2.046720000000000e+03	9.615680000000000e-01	7.339530000000000e+00
27	qiushi	thdmtool_only	m2_s3	numeric_boundary	0.0	random_20260825_210947.md	/home/yancy/Software/Bin/MathRelated/MultiNest/data_qiushi/classified/thdmtool_only_1.csv	12827	1.254790000000000e+02	2.534680000000000e+02	2.408560000000000e+02	1.187440000000000e+03	9.735260000000000e-01	9.954560000000001e+00
28	yuanyuan	thdmtool_only	m2_s3	numeric_boundary	0.0	async_mcmc_20260903_141342.md	/home/yancy/Software/Bin/MathRelated/MultiNest/data_yuanyuan/classified/thdmtool_only_3.csv	5380	1.270880638624336e+02	4.400135680537972e+02	4.298748826314507e+02	1.364099149168216e+03	9.771421357221441e-01	9.270820998662726e+00
29	yuanyuan	thdmtool_only	m2_s3	numeric_boundary	0.0	random_20260822_062803.md	/home/yancy/Software/Bin/MathRelated/MultiNest/data_yuanyuan/classified/thdmtool_only_2.csv	3904	1.266960000000000e+02	5.769140000000000e+02	5.792350000000000e+02	2.283320000000000e+03	9.866800000000000e-01	6.581330000000000e+00
30	yuanyuan	thdmtool_only	m2_s3	numeric_boundary	0.0	random_20260824_002709.md	/home/yancy/Software/Bin/MathRelated/MultiNest/data_yuanyuan/classified/thdmtool_only_3.csv	6727	1.255570000000000e+02	3.150580000000000e+02	3.018900000000000e+02	1.143800000000000e+03	9.757140000000000e-01	9.913069999999999e+00
31	office	thdmtool_only	m2_s4	numeric_boundary	0.0	async_mcmc_20260903_115445.md	/home/yancy/Software/Bin/MathRelated/MultiNest/data_office/classified/thdmtool_only_4.csv	784	1.404998058989902e+02	4.437869785339011e+02	4.343922051266384e+02	1.782910382161213e+03	9.988196128351025e-01	1.051700490652313e+01
32	office	thdmtool_only	m2_s4	numeric_boundary	0.0	async_mcmc_20260903_115445.md	/home/yancy/Software/Bin/MathRelated/MultiNest/data_office/classified/thdmtool_only_4.csv	4780	1.534041717923998e+02	4.370342713759793e+02	4.269316527631221e+02	2.448686786685661e+03	9.961214740837390e-01	9.020179760531374e+00
33	office	both	m2_s4	numeric_boundary	1.310212553885078e-06	typeI_mH125-220/async_mcmc_20260903_212216.md	/home/yancy/Software/Bin/MathRelated/MultiNest/data_office/classified/both_13.csv	7178	1.293847345892809e+02	4.149152218895237e+02	4.171185229249579e+02	1.331715776979719e+03	9.965440445376358e-01	1.101037252115463e+01
34	qiushi	thdmtool_only	m2_s4	numeric_boundary	0.0	random_20260823_112743.md	/home/yancy/Software/Bin/MathRelated/MultiNest/data_qiushi/classified/thdmtool_only_1.csv	11159	2.127120000000000e+02	5.193280000000000e+02	2.137140000000000e+02	2.822650000000000e+03	9.929150000000000e-01	1.554770000000000e+01
35	qiushi	thdmtool_only	m2_s4	numeric_boundary	0.0	random_20260823_112743.md	/home/yancy/Software/Bin/MathRelated/MultiNest/data_qiushi/classified/thdmtool_only_1.csv	11191	2.037680000000000e+02	4.322150000000000e+02	4.329550000000000e+02	3.527340000000000e+03	9.986580000000000e-01	1.076250000000000e+01
36	qiushi	thdmtool_only	m2_s4	numeric_boundary	0.0	random_20260825_011947.md	/home/yancy/Software/Bin/MathRelated/MultiNest/data_qiushi/classified/thdmtool_only_1.csv	12247	1.592750000000000e+02	4.771480000000000e+02	4.709540000000000e+02	1.670790000000000e+03	9.943540000000000e-01	1.448060000000000e+01
37	yuanyuan	thdmtool_only	m2_s4	numeric_boundary	0.0	async_mcmc_20260903_141342.md	/home/yancy/Software/Bin/MathRelated/MultiNest/data_yuanyuan/classified/thdmtool_only_3.csv	5259	1.332630200913406e+02	4.780316879876247e+02	4.799358934935404e+02	1.216406285720124e+03	9.955345527871555e-01	1.251910970628441e+01
38	yuanyuan	thdmtool_only	m2_s4	numeric_boundary	0.0	async_mcmc_20260903_210907.md	/home/yancy/Software/Bin/MathRelated/MultiNest/data_yuanyuan/classified/thdmtool_only_3.csv	6318	1.321555417108982e+02	2.772718597902016e+02	2.842061160824780e+02	1.041298132295323e+03	9.986101653016825e-01	1.485859877706276e+01
39	yuanyuan	both	m2_s4	numeric_boundary	0.0002229846115862524	typeI_mH125-220/async_mcmc_20260903_011320.md	/home/yancy/Software/Bin/MathRelated/MultiNest/data_yuanyuan/classified/both_2.csv	8591	1.406828976020401e+02	4.535781186858828e+02	4.531857350344708e+02	1.933319069549536e+03	9.977670156652924e-01	8.426060895038997e+00
40	office	thdmtool_only	m2_s5	numeric_boundary	0.0	random_20260822_061721.md	/home/yancy/Software/Bin/MathRelated/MultiNest/data_office/classified/thdmtool_only.csv	47150	1.884667074732632e+02	2.273901305432282e+02	2.324889060227503e+02	3.667056852598970e+03	9.994891692799459e-01	7.485719320723346e+00
41	office	thdmtool_only	m2_s5	numeric_boundary	0.0	random_20260823_182414.md	/home/yancy/Software/Bin/MathRelated/MultiNest/data_office/classified/thdmtool_only.csv	47673	1.863509753556642e+02	2.110205744624215e+02	2.013157529715151e+02	4.023835601505930e+03	9.993447431838418e-01	4.940755791601794e+00
42	office	thdmtool_only	m2_s5	numeric_boundary	0.0	random_20260823_182414.md	/home/yancy/Software/Bin/MathRelated/MultiNest/data_office/classified/thdmtool_only.csv	48825	2.029231348406868e+02	5.263670511341206e+02	5.229589199034968e+02	3.456393757670677e+03	9.999206518694390e-01	1.140500421199238e+01
43	qiushi	thdmtool_only	m2_s5	numeric_boundary	0.0	random_20260824_004325.md	/home/yancy/Software/Bin/MathRelated/MultiNest/data_qiushi/classified/thdmtool_only_1.csv	11775	1.660290000000000e+02	4.617230000000000e+02	4.526180000000000e+02	4.764390000000000e+03	9.992810000000000e-01	5.535700000000000e+00
44	qiushi	thdmtool_only	m2_s5	numeric_boundary	0.0	random_20260825_011947.md	/home/yancy/Software/Bin/MathRelated/MultiNest/data_qiushi/classified/thdmtool_only_1.csv	12154	2.009860000000000e+02	4.874200000000000e+02	4.825080000000000e+02	4.270590000000000e+03	9.991240000000000e-01	4.156940000000000e+00
45	qiushi	thdmtool_only	m2_s5	numeric_boundary	0.0	random_20260825_011947.md	/home/yancy/Software/Bin/MathRelated/MultiNest/data_qiushi/classified/thdmtool_only_1.csv	12161	2.161580000000000e+02	3.587770000000000e+02	3.555720000000000e+02	5.119450000000000e+03	9.992910000000000e-01	7.601980000000000e+00
46	yuanyuan	thdmtool_only	m2_s5	numeric_boundary	0.0	async_mcmc_20260903_210907.md	/home/yancy/Software/Bin/MathRelated/MultiNest/data_yuanyuan/classified/thdmtool_only_3.csv	6309	1.325924971011704e+02	2.915486471867319e+02	2.892042123960152e+02	1.154331878874301e+03	9.994125826557351e-01	1.473221304046036e+01
47	yuanyuan	thdmtool_only	m2_s5	numeric_boundary	0.0	random_20260822_062803.md	/home/yancy/Software/Bin/MathRelated/MultiNest/data_yuanyuan/classified/thdmtool_only_2.csv	4045	1.884950000000000e+02	2.387110000000000e+02	2.494520000000000e+02	3.858980000000000e+03	9.991770000000000e-01	6.091480000000000e+00
48	yuanyuan	thdmtool_only	m2_s5	numeric_boundary	0.0	random_20260823_011757.md	/home/yancy/Software/Bin/MathRelated/MultiNest/data_yuanyuan/classified/thdmtool_only_2.csv	4394	1.899110000000000e+02	4.633830000000000e+02	4.688420000000000e+02	4.117180000000000e+03	9.996969999999999e-01	5.845060000000000e+00
49	office	thdmtool_only	m3_s3	numeric_boundary	0.0	random_20260830_123811.md	/home/yancy/Software/Bin/MathRelated/MultiNest/data_office/classified/thdmtool_only_3.csv	14130	2.624637596917062e+02	5.944882221914620e+02	2.586120172664680e+02	7.953432047645381e+03	9.873954733065984e-01	7.718356631793934e+00
50	office	thdmtool_only	m3_s3	numeric_boundary	0.0	random_20260830_123811.md	/home/yancy/Software/Bin/MathRelated/MultiNest/data_office/classified/thdmtool_only_3.csv	14838	2.771974070837475e+02	2.301587279096415e+02	2.384662621902135e+02	9.992656450605422e+03	9.876198066399033e-01	6.618218733469501e+00
51	office	thdmtool_only	m3_s3	numeric_boundary	0.0	random_20260902_020759.md	/home/yancy/Software/Bin/MathRelated/MultiNest/data_office/classified/thdmtool_only_3.csv	10261	2.985011528597732e+02	2.205666537999430e+02	2.934748342950422e+02	1.272116769395081e+04	9.880232418030119e-01	6.162388847537866e+00
52	qiushi	thdmtool_only	m3_s3	numeric_boundary	0.0	random_20260826_184030.md	/home/yancy/Software/Bin/MathRelated/MultiNest/data_qiushi/classified/thdmtool_only_1.csv	13364	2.933740000000000e+02	3.422470000000000e+02	2.463140000000000e+02	1.263700000000000e+04	9.881490000000001e-01	5.927800000000000e+00
53	qiushi	thdmtool_only	m3_s3	numeric_boundary	0.0	random_20260826_184030.md	/home/yancy/Software/Bin/MathRelated/MultiNest/data_qiushi/classified/thdmtool_only_1.csv	13452	3.047030000000000e+02	2.649380000000000e+02	2.374400000000000e+02	1.472610000000000e+04	9.836700000000000e-01	5.458240000000000e+00
54	qiushi	thdmtool_only	m3_s3	numeric_boundary	0.0	random_20260828_001210.md	/home/yancy/Software/Bin/MathRelated/MultiNest/data_qiushi/classified/thdmtool_only_1.csv	13922	3.149420000000000e+02	2.871000000000000e+02	2.909440000000000e+02	8.589410000000000e+03	9.899150000000000e-01	1.113300000000000e+01
55	yuanyuan	thdmtool_only	m3_s3	numeric_boundary	0.0	random_20260825_015240.md	/home/yancy/Software/Bin/MathRelated/MultiNest/data_yuanyuan/classified/thdmtool_only_2.csv	5776	3.413830000000000e+02	5.775640000000000e+02	3.199950000000000e+02	1.401850000000000e+04	9.880850000000000e-01	7.950910000000000e+00
56	yuanyuan	thdmtool_only	m3_s3	numeric_boundary	0.0	random_20260826_184019.md	/home/yancy/Software/Bin/MathRelated/MultiNest/data_yuanyuan/classified/thdmtool_only_2.csv	6701	2.734780000000000e+02	3.655740000000000e+02	2.440470000000000e+02	7.982950000000000e+03	9.891390000000000e-01	8.596450000000001e+00
57	yuanyuan	thdmtool_only	m3_s3	numeric_boundary	0.0	random_20260830_180625.md	/home/yancy/Software/Bin/MathRelated/MultiNest/data_yuanyuan/classified/thdmtool_only_2.csv	6566	2.923330000000000e+02	2.739440000000000e+02	2.260100000000000e+02	1.351810000000000e+04	9.862140000000000e-01	5.362810000000000e+00
58	office	thdmtool_only	m3_s4	numeric_boundary	0.0	random_20260830_123811.md	/home/yancy/Software/Bin/MathRelated/MultiNest/data_office/classified/thdmtool_only_3.csv	14612	3.828072474710810e+02	4.697971559101852e+02	3.884514883567659e+02	1.022304398179166e+04	9.960056627252484e-01	1.426710045259313e+01
59	office	thdmtool_only	m3_s4	numeric_boundary	0.0	random_20260830_123811.md	/home/yancy/Software/Bin/MathRelated/MultiNest/data_office/classified/thdmtool_only_3.csv	15911	2.748282069659189e+02	5.727154499865308e+02	5.731168726452986e+02	4.578445484561095e+03	9.950972232386753e-01	1.632785382939076e+01
60	office	thdmtool_only	m3_s4	numeric_boundary	0.0	random_20260902_020759.md	/home/yancy/Software/Bin/MathRelated/MultiNest/data_office/classified/thdmtool_only_3.csv	10513	3.503528206799445e+02	5.272458636828584e+02	3.547831815973114e+02	1.439706451565180e+04	9.986022652293713e-01	7.973871059729826e+00
61	qiushi	thdmtool_only	m3_s4	numeric_boundary	0.0	random_20260826_184030.md	/home/yancy/Software/Bin/MathRelated/MultiNest/data_qiushi/classified/thdmtool_only_1.csv	13475	3.055380000000000e+02	5.441750000000000e+02	5.476310000000000e+02	1.291710000000000e+04	9.948930000000000e-01	6.713070000000000e+00
62	qiushi	thdmtool_only	m3_s4	numeric_boundary	0.0	random_20260828_001210.md	/home/yancy/Software/Bin/MathRelated/MultiNest/data_qiushi/classified/thdmtool_only_1.csv	14257	3.073870000000000e+02	5.645880000000000e+02	2.999040000000000e+02	1.202590000000000e+04	9.956920000000000e-01	7.325750000000000e+00
63	qiushi	both	m3_s4	numeric_boundary	6.814347273635087e-18	typeI_mH220-500/random_20260902_194953.md	/home/yancy/Software/Bin/MathRelated/MultiNest/data_qiushi/classified/both_2.csv	3550	3.071430000000000e+02	4.710500000000000e+02	4.614560000000000e+02	1.385170000000000e+04	9.987800000000000e-01	6.077470000000000e+00
64	yuanyuan	thdmtool_only	m3_s4	numeric_boundary	0.0	random_20260830_180625.md	/home/yancy/Software/Bin/MathRelated/MultiNest/data_yuanyuan/classified/thdmtool_only_2.csv	6627	3.063040000000000e+02	4.982540000000000e+02	5.033550000000000e+02	6.614520000000000e+03	9.983050000000000e-01	1.392260000000000e+01
65	yuanyuan	both	m3_s4	numeric_boundary	1.21271756978204e-15	typeI_mH220-500/random_20260825_015240.md	/home/yancy/Software/Bin/MathRelated/MultiNest/data_yuanyuan/classified/both_1.csv	11105	2.427500000000000e+02	4.931410000000000e+02	2.403210000000000e+02	7.544940000000000e+03	9.918960000000000e-01	6.685570000000000e+00
66	yuanyuan	both	m3_s4	numeric_boundary	3.224167774813937e-07	typeI_mH220-500/random_20260830_180625.md	/home/yancy/Software/Bin/MathRelated/MultiNest/data_yuanyuan/classified/both_1.csv	11868	2.398010000000000e+02	5.550960000000000e+02	2.408890000000000e+02	8.670309999999999e+03	9.986460000000000e-01	4.235740000000000e+00
67	office	thdmtool_only	m3_s5	numeric_boundary	0.0	random_20260829_222735.md	/home/yancy/Software/Bin/MathRelated/MultiNest/data_office/classified/thdmtool_only_3.csv	11751	2.361986659758660e+02	2.866668855410560e+02	2.864819888426700e+02	6.105748264899825e+03	9.992774267951379e-01	7.794423032724501e+00
68	office	thdmtool_only	m3_s5	numeric_boundary	0.0	random_20260829_222735.md	/home/yancy/Software/Bin/MathRelated/MultiNest/data_office/classified/thdmtool_only_3.csv	13042	2.616851095058256e+02	5.465784247404692e+02	5.483565153700622e+02	6.807377811374610e+03	9.996884239358317e-01	9.619545987008413e+00
69	office	thdmtool_only	m3_s5	numeric_boundary	0.0	random_20260830_121226.md	/home/yancy/Software/Bin/MathRelated/MultiNest/data_office/classified/thdmtool_only_3.csv	13782	2.245480000000000e+02	4.663780000000000e+02	4.704790000000000e+02	6.182750000000000e+03	9.998480000000000e-01	6.553150000000000e+00
70	qiushi	thdmtool_only	m3_s5	numeric_boundary	0.0	random_20260828_001210.md	/home/yancy/Software/Bin/MathRelated/MultiNest/data_qiushi/classified/thdmtool_only_1.csv	13956	4.963750000000000e+02	5.366190000000000e+02	4.872050000000000e+02	1.364980000000000e+04	9.991730000000000e-01	1.797050000000000e+01
71	qiushi	thdmtool_only	m3_s5	numeric_boundary	0.0	random_20260902_194953.md	/home/yancy/Software/Bin/MathRelated/MultiNest/data_qiushi/classified/thdmtool_only_2.csv	3908	3.357090000000000e+02	5.512970000000000e+02	3.432830000000000e+02	1.156950000000000e+04	9.999000000000000e-01	9.221510000000000e+00
72	qiushi	both	m3_s5	numeric_boundary	9.952142432563518e-12	typeI_mH220-500/random_20260828_001210.md	/home/yancy/Software/Bin/MathRelated/MultiNest/data_qiushi/classified/both_1.csv	10108	2.278620000000000e+02	4.705750000000000e+02	4.578320000000000e+02	4.300610000000000e+03	9.996440000000000e-01	1.150030000000000e+01
73	yuanyuan	thdmtool_only	m3_s5	numeric_boundary	0.0	random_20260825_015240.md	/home/yancy/Software/Bin/MathRelated/MultiNest/data_yuanyuan/classified/thdmtool_only_2.csv	5940	3.541570000000000e+02	4.842180000000000e+02	3.417760000000000e+02	7.071950000000000e+03	9.995600000000000e-01	1.757010000000000e+01
74	yuanyuan	thdmtool_only	m3_s5	numeric_boundary	0.0	random_20260825_015240.md	/home/yancy/Software/Bin/MathRelated/MultiNest/data_yuanyuan/classified/thdmtool_only_2.csv	6007	2.942790000000000e+02	5.535710000000000e+02	2.792650000000000e+02	1.110820000000000e+04	9.994530000000000e-01	7.023040000000000e+00
75	yuanyuan	both	m3_s5	numeric_boundary	9.559297732031965e-11	typeI_mH220-500/random_20260825_015240.md	/home/yancy/Software/Bin/MathRelated/MultiNest/data_yuanyuan/classified/both_1.csv	9882	2.430580000000000e+02	5.308819999999999e+02	2.463130000000000e+02	6.215310000000000e+03	9.999270000000000e-01	8.646710000000001e+00
76	office	both	m1_s0	resolved_signal	2.263994018656447	random_20260820_005445.md	/home/yancy/Software/Bin/MathRelated/MultiNest/data_office/classified/both_6.csv	6860	9.552790000000000e+01	3.567570000000000e+02	3.503010000000000e+02	7.706530000000000e+02	4.459270000000000e-02	8.684400000000000e+00
77	office	both	m1_s0	resolved_signal	15.76361072560817	typeI_mH62-125/random_20260831_095833.md	/home/yancy/Software/Bin/MathRelated/MultiNest/data_office/classified/both_8.csv	6892	8.873914848302647e+01	3.228452215628730e+02	3.242234285249193e+02	5.352011334613231e+02	1.652618297714159e-02	1.044073486288640e+01
78	qiushi	both	m1_s0	resolved_signal	1.622434489270585	typeI_mH62-125/random_20260816_071725.md	/home/yancy/Software/Bin/MathRelated/MultiNest/data_qiushi/classified/both.csv	1584	7.586360000000001e+01	3.004340000000000e+02	3.007170000000000e+02	4.947260000000000e+02	8.781360000000000e-04	7.178350000000000e+00
79	qiushi	both	m1_s0	resolved_signal	1.749083821941288	typeI_mH62-125/random_20260816_190708.md	/home/yancy/Software/Bin/MathRelated/MultiNest/data_qiushi/classified/both.csv	5340	8.978080000000000e+01	3.406360000000000e+02	3.501250000000000e+02	5.082390000000000e+02	4.860930000000000e-02	1.094900000000000e+01
80	qiushi	both	m1_s0	resolved_signal	5.46670606425021	typeI_mH62-125/random_20260831_005538.md	/home/yancy/Software/Bin/MathRelated/MultiNest/data_qiushi/classified/both_2.csv	1029	8.121250000000001e+01	2.805630000000000e+02	2.810760000000000e+02	3.419320000000000e+02	5.324410000000000e-04	1.331080000000000e+01
81	yuanyuan	both	m1_s0	resolved_signal	67.7783102849956	typeI_mH62-125/random_20260831_090924.md	/home/yancy/Software/Bin/MathRelated/MultiNest/data_yuanyuan/classified/both_2.csv	3068	9.990340000000000e+01	4.362080000000000e+02	4.267010000000000e+02	8.529360000000000e+02	3.744060000000000e-02	7.053800000000000e+00
82	yuanyuan	both	m1_s0	resolved_signal	145.3214273839078	typeI_mH62-125/random_20260831_090924.md	/home/yancy/Software/Bin/MathRelated/MultiNest/data_yuanyuan/classified/both_2.csv	3903	1.035710000000000e+02	4.270120000000000e+02	4.291930000000000e+02	1.246200000000000e+03	3.912450000000000e-02	5.514520000000000e+00
83	yuanyuan	both	m1_s0	resolved_signal	2.309604114205021	typeI_mH62-125/random_20260901_123420.md	/home/yancy/Software/Bin/MathRelated/MultiNest/data_yuanyuan/classified/both_2.csv	7210	8.233060000000000e+01	4.039690000000000e+02	3.993330000000000e+02	3.252810000000000e+02	3.652220000000000e-02	1.108050000000000e+01
84	office	both	m1_s1	resolved_signal	1.415863460805451	typeI_mH62-125/random_20260831_095833.md	/home/yancy/Software/Bin/MathRelated/MultiNest/data_office/classified/both_8.csv	11093	1.006837605906030e+02	3.573922696538440e+02	3.637117020971032e+02	7.801450029133505e+02	8.724923117180766e-02	1.004695129099604e+01
85	office	both	m1_s1	resolved_signal	1.864395599313181	typeI_mH62-125/random_20260901_123251.md	/home/yancy/Software/Bin/MathRelated/MultiNest/data_office/classified/both_10.csv	463	9.029869593050017e+01	4.369145460154839e+02	4.450826902762034e+02	6.975094357395171e+02	1.961511072253982e-01	6.339384901289269e+00
86	office	both	m1_s1	resolved_signal	1.073079042368043	typeI_mH62-125/random_20260901_123251.md	/home/yancy/Software/Bin/MathRelated/MultiNest/data_office/classified/both_9.csv	6991	1.094577839432097e+02	2.493420800196095e+02	2.380929519014015e+02	6.500117484659488e+02	1.202009561215202e-01	1.706544827347408e+01
87	qiushi	both	m1_s1	resolved_signal	1.082005853697239	typeI_mH62-125/random_20260816_190708.md	/home/yancy/Software/Bin/MathRelated/MultiNest/data_qiushi/classified/both.csv	5677	1.192410000000000e+02	3.026060000000000e+02	3.083640000000000e+02	9.943790000000000e+02	1.330210000000000e-01	1.285860000000000e+01
88	qiushi	both	m1_s1	resolved_signal	58.7814977784164	typeI_mH62-125/random_20260817_182439.md	/home/yancy/Software/Bin/MathRelated/MultiNest/data_qiushi/classified/both.csv	7780	1.149990000000000e+02	3.037600000000000e+02	3.116670000000000e+02	9.136910000000000e+02	1.544190000000000e-01	1.281350000000000e+01
89	qiushi	both	m1_s1	resolved_signal	38.78984740004778	typeI_mH62-125/random_20260818_171842.md	/home/yancy/Software/Bin/MathRelated/MultiNest/data_qiushi/classified/both.csv	9302	1.108260000000000e+02	3.073770000000000e+02	3.084030000000000e+02	8.057300000000000e+02	1.249330000000000e-01	1.334280000000000e+01
90	yuanyuan	both	m1_s1	resolved_signal	7.968216119678599	typeI_mH62-125/random_20260813_154904.md	/home/yancy/Software/Bin/MathRelated/MultiNest/data_yuanyuan/classified/both.csv	658	1.202600000000000e+02	3.188880000000000e+02	3.058320000000000e+02	9.930280000000000e+02	1.349250000000000e-01	1.335770000000000e+01
91	yuanyuan	both	m1_s1	resolved_signal	7.60532162683698	typeI_mH62-125/random_20260813_231224.md	/home/yancy/Software/Bin/MathRelated/MultiNest/data_yuanyuan/classified/both.csv	1838	8.949110000000000e+01	3.076090000000000e+02	3.074960000000000e+02	7.088500000000000e+02	9.418530000000000e-02	8.623830000000000e+00
92	yuanyuan	both	m1_s1	resolved_signal	163.2926015607177	typeI_mH62-125/random_20260831_090924.md	/home/yancy/Software/Bin/MathRelated/MultiNest/data_yuanyuan/classified/both_2.csv	3825	1.043480000000000e+02	3.729490000000000e+02	3.753250000000000e+02	9.277580000000000e+02	1.404430000000000e-01	9.289210000000001e+00
93	office	both	m2_s3	resolved_signal	1.539720799878282	typeI_mH125-220/async_mcmc_20260903_212216.md	/home/yancy/Software/Bin/MathRelated/MultiNest/data_office/classified/both_13.csv	8797	1.259633910381938e+02	4.468877566679604e+02	4.387327165423279e+02	2.105284622252684e+03	9.873894353249906e-01	5.625258841427667e+00
94	office	both	m2_s3	resolved_signal	121.7915533185157	typeI_mH125-220/random_20260824_135839.md	/home/yancy/Software/Bin/MathRelated/MultiNest/data_office/classified/both_7.csv	5259	1.260687305159004e+02	4.805352800001158e+02	4.750065468072670e+02	1.859112207036057e+03	9.638734030686109e-01	6.554753290278581e+00
95	yuanyuan	both	m2_s3	resolved_signal	35.59040422854854	typeI_mH125-220/async_mcmc_20260903_011320.md	/home/yancy/Software/Bin/MathRelated/MultiNest/data_yuanyuan/classified/both_2.csv	8697	1.273976772493608e+02	4.183083096589386e+02	4.146980254376352e+02	1.643524056234264e+03	9.863531051216402e-01	8.428842302351233e+00
96	yuanyuan	both	m2_s3	resolved_signal	6.027095968558137	typeI_mH125-220/async_mcmc_20260903_011320.md	/home/yancy/Software/Bin/MathRelated/MultiNest/data_yuanyuan/classified/both_2.csv	8982	1.275197120135775e+02	4.192337201725672e+02	4.136987709912687e+02	1.647912951981349e+03	9.856694526419978e-01	8.397092722901705e+00
97	office	both	m2_s4	resolved_signal	2.155225975111	typeI_mH125-220/async_mcmc_20260903_212216.md	/home/yancy/Software/Bin/MathRelated/MultiNest/data_office/classified/both_13.csv	4774	1.809624379048604e+02	4.665611026909511e+02	4.732693168565889e+02	3.443327738128714e+03	9.974870572858979e-01	9.377122522557237e+00
98	office	both	m2_s4	resolved_signal	2.214793526880515	typeI_mH125-220/async_mcmc_20260903_212216.md	/home/yancy/Software/Bin/MathRelated/MultiNest/data_office/classified/both_13.csv	7236	1.697511118271358e+02	4.691698087986972e+02	4.684929980684309e+02	5.354736328209370e+03	9.987405993798280e-01	4.875048632326912e+00
99	office	both	m2_s4	resolved_signal	3.753565388082663	typeI_mH125-220/async_mcmc_20260903_212216.md	/home/yancy/Software/Bin/MathRelated/MultiNest/data_office/classified/both_12.csv	12133	1.909450264428597e+02	4.623642311504114e+02	4.666794624207814e+02	2.789660131010875e+03	9.951589811634414e-01	1.300388929110331e+01
100	qiushi	both	m2_s4	resolved_signal	1.167733380225236	typeI_mH125-220/random_20260825_210947.md	/home/yancy/Software/Bin/MathRelated/MultiNest/data_qiushi/classified/both_1.csv	7257	1.707830000000000e+02	4.535960000000000e+02	4.577650000000000e+02	2.091160000000000e+03	9.946130000000000e-01	1.373350000000000e+01
101	yuanyuan	both	m2_s4	resolved_signal	19.45173782888645	typeI_mH125-220/async_mcmc_20260903_011320.md	/home/yancy/Software/Bin/MathRelated/MultiNest/data_yuanyuan/classified/both_2.csv	8894	1.267463242290615e+02	3.552368329941282e+02	3.473777917278686e+02	1.284449731627470e+03	9.926027850916412e-01	1.129875454829381e+01
102	yuanyuan	both	m2_s4	resolved_signal	2.289982775303685	typeI_mH125-220/async_mcmc_20260903_210907.md	/home/yancy/Software/Bin/MathRelated/MultiNest/data_yuanyuan/classified/both_2.csv	10291	1.304304675186308e+02	3.589812898094132e+02	3.687201732551046e+02	1.332705399720120e+03	9.960892072719565e-01	1.162353919658575e+01
103	yuanyuan	both	m2_s4	resolved_signal	36.51097364026618	typeI_mH125-220/random_20260823_011757.md	/home/yancy/Software/Bin/MathRelated/MultiNest/data_yuanyuan/classified/both_1.csv	7209	1.489590000000000e+02	2.866760000000000e+02	2.984830000000000e+02	2.463840000000000e+03	9.954440000000000e-01	8.669510000000001e+00
104	office	both	m2_s5	resolved_signal	1.158401703300593	typeI_mH125-220/async_mcmc_20260903_115445.md	/home/yancy/Software/Bin/MathRelated/MultiNest/data_office/classified/both_12.csv	6343	1.789315760956411e+02	4.719291996353503e+02	4.737837872158040e+02	3.446464073183335e+03	9.990518317364645e-01	9.051714421470367e+00
105	office	both	m2_s5	resolved_signal	1.430589235978239	typeI_mH125-220/async_mcmc_20260903_115445.md	/home/yancy/Software/Bin/MathRelated/MultiNest/data_office/classified/both_12.csv	8210	1.741903309336218e+02	4.651221652953810e+02	4.742390051199574e+02	5.850106618118652e+03	9.994163831419547e-01	4.649748598886899e+00
106	office	both	m2_s5	resolved_signal	2.716547664176161	typeI_mH125-220/async_mcmc_20260903_212216.md	/home/yancy/Software/Bin/MathRelated/MultiNest/data_office/classified/both_13.csv	7172	1.814859630354853e+02	4.787349282658105e+02	4.765084614046385e+02	6.765264221484512e+03	9.990313214640177e-01	4.466822351834610e+00
107	office	both	m3_s4	resolved_signal	2.91070509634391	typeI_mH220-500/random_20260825_014923.md	/home/yancy/Software/Bin/MathRelated/MultiNest/data_office/classified/both_8.csv	727	3.027215277039555e+02	4.941725721027080e+02	4.798545296372679e+02	6.033359643339468e+03	9.944961275555616e-01	1.515656464606221e+01
108	office	both	m3_s4	resolved_signal	50.65572237495873	typeI_mH220-500/random_20260831_005128.md	/home/yancy/Software/Bin/MathRelated/MultiNest/data_office/classified/both_12.csv	173	2.848758257777844e+02	5.223118537265342e+02	2.753415673043281e+02	9.372826204847333e+03	9.973400348187498e-01	7.817969971102830e+00
109	office	both	m3_s4	resolved_signal	22.47855879520695	typeI_mH220-500/random_20260831_005128.md	/home/yancy/Software/Bin/MathRelated/MultiNest/data_office/classified/both_12.csv	2423	3.072854929067109e+02	3.875984055298591e+02	3.398811460613014e+02	5.762390693298636e+03	9.925805306333000e-01	1.612311353718522e+01
110	qiushi	both	m3_s4	resolved_signal	54.69156506598905	typeI_mH220-500/random_20260816_071725.md	/home/yancy/Software/Bin/MathRelated/MultiNest/data_qiushi/classified/both.csv	2521	3.799660000000000e+02	3.870800000000000e+02	3.484250000000000e+02	1.041780000000000e+04	9.948110000000000e-01	1.367370000000000e+01
111	office	both	m1_s0	snr_boundary	4.363669554521857e-10	typeI_mH62-125/random_20260901_123243.md	/home/yancy/Software/Bin/MathRelated/MultiNest/data_office/classified/both_10.csv	2763	1.023320000000000e+02	2.987420000000000e+02	2.826920000000000e+02	1.371740000000000e+03	3.842820000000000e-02	4.047780000000000e+00
112	office	both	m1_s0	snr_boundary	1.905701820369441e-11	typeI_mH62-125/random_20260901_123251.md	/home/yancy/Software/Bin/MathRelated/MultiNest/data_office/classified/both_9.csv	4217	1.049802771797254e+02	3.372109713706675e+02	3.226112499302440e+02	6.932749133989557e+02	2.280710557244290e-02	6.832180670864116e+00
113	office	both	m1_s0	snr_boundary	1.201123974204806e-15	typeI_mH62-125/random_20260901_123251.md	/home/yancy/Software/Bin/MathRelated/MultiNest/data_office/classified/both_9.csv	7526	1.167488663345648e+02	3.614223093540812e+02	1.033852229412168e+02	7.808494756893034e+02	3.380012122404663e-02	1.697065061342872e+01
114	qiushi	both	m1_s0	snr_boundary	1.571630205761036e-11	typeI_mH62-125/random_20260816_071725.md	/home/yancy/Software/Bin/MathRelated/MultiNest/data_qiushi/classified/both.csv	1503	9.062739999999999e+01	2.767410000000000e+02	2.798160000000000e+02	3.261790000000000e+02	4.296870000000000e-02	5.344960000000000e+00
115	qiushi	both	m1_s0	snr_boundary	1.042097401017967e-20	typeI_mH62-125/random_20260818_235435.md	/home/yancy/Software/Bin/MathRelated/MultiNest/data_qiushi/classified/both.csv	9666	1.203920000000000e+02	2.800760000000000e+02	2.755590000000000e+02	1.107970000000000e+03	1.476920000000000e-02	1.186980000000000e+01
116	qiushi	both	m1_s0	snr_boundary	2.690126784352531e-11	typeI_mH62-125/random_20260818_235435.md	/home/yancy/Software/Bin/MathRelated/MultiNest/data_qiushi/classified/both.csv	10213	7.749370000000000e+01	2.992540000000000e+02	2.911110000000000e+02	3.795330000000000e+02	2.521710000000000e-02	8.804370000000000e+00
117	yuanyuan	both	m1_s0	snr_boundary	1.869555483052699e-08	typeI_mH62-125/random_20260816_064945.md	/home/yancy/Software/Bin/MathRelated/MultiNest/data_yuanyuan/classified/both.csv	3884	7.339820000000000e+01	3.072480000000000e+02	2.998400000000000e+02	3.224720000000000e+02	1.967030000000000e-02	6.054290000000000e+00
118	yuanyuan	both	m1_s0	snr_boundary	9.906803387276254e-11	typeI_mH62-125/random_20260816_190714.md	/home/yancy/Software/Bin/MathRelated/MultiNest/data_yuanyuan/classified/both.csv	7070	9.866610000000000e+01	2.983330000000000e+02	2.811790000000000e+02	1.705230000000000e+02	1.208460000000000e-02	4.697840000000000e+00
119	yuanyuan	both	m1_s0	snr_boundary	1.221244883473756e-11	typeI_mH62-125/random_20260816_190714.md	/home/yancy/Software/Bin/MathRelated/MultiNest/data_yuanyuan/classified/both.csv	7184	8.204970000000000e+01	3.151790000000000e+02	3.045810000000000e+02	2.072310000000000e+02	3.915290000000000e-02	6.992800000000000e+00
120	office	both	m1_s1	snr_boundary	1.206147077007235e-09	random_20260820_005445.md	/home/yancy/Software/Bin/MathRelated/MultiNest/data_office/classified/both_6.csv	6835	6.580150000000000e+01	2.959240000000000e+02	2.945310000000000e+02	2.422060000000000e+02	1.440250000000000e-01	6.255110000000000e+00
121	office	both	m1_s1	snr_boundary	2.987664349479098e-19	typeI_mH62-125/random_20260831_095833.md	/home/yancy/Software/Bin/MathRelated/MultiNest/data_office/classified/both_8.csv	10229	1.222751961287711e+02	3.267581396754530e+02	1.167188147641081e+02	2.197933519571689e+03	1.766090186472461e-01	6.829449824002052e+00
122	office	both	m1_s1	snr_boundary	1.862093965388972e-10	typeI_mH62-125/random_20260901_123251.md	/home/yancy/Software/Bin/MathRelated/MultiNest/data_office/classified/both_9.csv	3457	9.398045114018380e+01	2.816157150951616e+02	2.861383313093682e+02	1.006879457685671e+03	1.301869386917164e-01	6.047987090579792e+00
123	qiushi	both	m1_s1	snr_boundary	1.462843852608338e-17	typeI_mH62-125/random_20260815_194920.md	/home/yancy/Software/Bin/MathRelated/MultiNest/data_qiushi/classified/both.csv	242	7.160060000000000e+01	3.064470000000000e+02	3.134880000000000e+02	3.179600000000000e+02	1.677650000000000e-01	7.318060000000000e+00
124	qiushi	both	m1_s1	snr_boundary	2.417979311722023e-08	typeI_mH62-125/random_20260816_190708.md	/home/yancy/Software/Bin/MathRelated/MultiNest/data_qiushi/classified/both.csv	4379	6.981710000000000e+01	3.028840000000000e+02	2.875440000000000e+02	5.003310000000000e+02	1.258720000000000e-01	5.961060000000000e+00
125	qiushi	both	m1_s1	snr_boundary	1.550542804104761e-08	typeI_mH62-125/random_20260817_182439.md	/home/yancy/Software/Bin/MathRelated/MultiNest/data_qiushi/classified/both.csv	7400	7.227140000000000e+01	2.800750000000000e+02	2.858060000000000e+02	5.576330000000000e+02	1.410380000000000e-01	5.624010000000000e+00
126	yuanyuan	both	m1_s1	snr_boundary	9.709682379927764e-07	typeI_mH62-125/random_20260816_190714.md	/home/yancy/Software/Bin/MathRelated/MultiNest/data_yuanyuan/classified/both.csv	6309	6.490860000000001e+01	2.843480000000000e+02	2.816550000000000e+02	4.987840000000000e+02	1.233620000000000e-01	5.433190000000000e+00
127	yuanyuan	both	m1_s1	snr_boundary	1.798028877288666e-07	typeI_mH62-125/random_20260819_104213.md	/home/yancy/Software/Bin/MathRelated/MultiNest/data_yuanyuan/classified/both_1.csv	1256	6.932599999999999e+01	3.266950000000000e+02	3.115720000000000e+02	4.563270000000000e+02	1.733650000000000e-01	6.090060000000000e+00
128	yuanyuan	both	m1_s1	snr_boundary	7.362985426871825e-12	typeI_mH62-125/random_20260901_123420.md	/home/yancy/Software/Bin/MathRelated/MultiNest/data_yuanyuan/classified/both_2.csv	7047	1.016300000000000e+02	2.601090000000000e+02	2.689010000000000e+02	6.398120000000000e+02	1.281460000000000e-01	4.310080000000000e+00
129	qiushi	both	m1_s2	snr_boundary	1.695968399549624e-08	typeI_mH62-125/random_20260820_084408.md	/home/yancy/Software/Bin/MathRelated/MultiNest/data_qiushi/classified/both.csv	10825	7.646259999999999e+01	2.883010000000000e+02	2.961950000000000e+02	5.395410000000001e+02	2.166620000000000e-01	4.914830000000000e+00
130	qiushi	both	m1_s2	snr_boundary	2.475010937805961e-08	typeI_mH62-125/random_20260820_084408.md	/home/yancy/Software/Bin/MathRelated/MultiNest/data_qiushi/classified/both.csv	11166	8.192149999999999e+01	2.970560000000000e+02	2.936740000000000e+02	8.959280000000000e+02	2.115920000000000e-01	5.802460000000000e+00
131	qiushi	both	m1_s2	snr_boundary	9.723401658240024e-10	typeI_mH62-125/random_20260820_084408.md	/home/yancy/Software/Bin/MathRelated/MultiNest/data_qiushi/classified/both.csv	11367	1.030060000000000e+02	2.897690000000000e+02	2.912840000000000e+02	7.998320000000000e+02	2.186320000000000e-01	4.411310000000000e+00
132	office	both	m2_s3	snr_boundary	0.004599075343661885	typeI_mH125-220/async_mcmc_20260903_115445.md	/home/yancy/Software/Bin/MathRelated/MultiNest/data_office/classified/both_12.csv	5133	2.145781358766975e+02	5.802326522598204e+02	2.110711704902795e+02	6.478252020615635e+03	9.892419539383156e-01	6.689334112418316e+00
133	office	both	m2_s3	snr_boundary	4.789656307333745e-10	typeI_mH125-220/async_mcmc_20260903_115445.md	/home/yancy/Software/Bin/MathRelated/MultiNest/data_office/classified/both_12.csv	8391	1.252675670647071e+02	3.278291027669107e+02	3.288090870596779e+02	2.074272331028583e+03	9.881654753094882e-01	6.198771948089203e+00
134	office	both	m2_s3	snr_boundary	0.006679845990401786	typeI_mH125-220/async_mcmc_20260903_212216.md	/home/yancy/Software/Bin/MathRelated/MultiNest/data_office/classified/both_13.csv	2377	2.163526625628553e+02	5.817245416158514e+02	2.025831817098393e+02	6.450371538127647e+03	9.868330811538280e-01	6.866707062530339e+00
135	qiushi	both	m2_s3	snr_boundary	9.107534439031219e-09	typeI_mH125-220/random_20260822_062750.md	/home/yancy/Software/Bin/MathRelated/MultiNest/data_qiushi/classified/both_1.csv	1840	1.259770000000000e+02	3.692320000000000e+02	3.548500000000000e+02	1.633280000000000e+03	9.791190000000000e-01	7.237210000000000e+00
136	qiushi	both	m2_s3	snr_boundary	1.491211628835907e-13	typeI_mH125-220/random_20260824_004325.md	/home/yancy/Software/Bin/MathRelated/MultiNest/data_qiushi/classified/both_1.csv	4601	1.271410000000000e+02	3.277520000000000e+02	3.270810000000000e+02	1.446220000000000e+03	9.847180000000000e-01	7.332140000000000e+00
137	qiushi	both	m2_s3	snr_boundary	1.921195847790806e-13	typeI_mH125-220/random_20260825_011947.md	/home/yancy/Software/Bin/MathRelated/MultiNest/data_qiushi/classified/both_1.csv	6205	1.273250000000000e+02	3.443850000000000e+02	3.358920000000000e+02	1.383140000000000e+03	9.794300000000000e-01	8.244960000000001e+00
138	yuanyuan	both	m2_s3	snr_boundary	9.518273381118569e-08	typeI_mH125-220/async_mcmc_20260903_011320.md	/home/yancy/Software/Bin/MathRelated/MultiNest/data_yuanyuan/classified/both_2.csv	8589	1.258986244387231e+02	3.628046799950069e+02	3.615785709959024e+02	1.864744858215711e+03	9.848772550138600e-01	6.038629720797842e+00
139	yuanyuan	both	m2_s3	snr_boundary	1.422647899322418e-10	typeI_mH125-220/async_mcmc_20260903_011320.md	/home/yancy/Software/Bin/MathRelated/MultiNest/data_yuanyuan/classified/both_2.csv	8893	1.252257384114643e+02	3.292366513432848e+02	3.243030343985287e+02	1.924025185487349e+03	9.815318419405700e-01	5.958769631813225e+00
140	yuanyuan	both	m2_s3	snr_boundary	0.0003596200928944843	typeI_mH125-220/async_mcmc_20260903_011320.md	/home/yancy/Software/Bin/MathRelated/MultiNest/data_yuanyuan/classified/both_2.csv	8988	1.275686430198090e+02	4.201881131099664e+02	4.277870353434545e+02	1.661710401567879e+03	9.859105392948132e-01	8.331408076485991e+00
141	office	both	m2_s4	snr_boundary	2.093497014480756e-07	typeI_mH125-220/async_mcmc_20260903_115445.md	/home/yancy/Software/Bin/MathRelated/MultiNest/data_office/classified/both_12.csv	3210	1.730658055122161e+02	4.480597527064688e+02	4.406653747804544e+02	3.166654282712948e+03	9.989946786986514e-01	8.187105015601665e+00
142	office	both	m2_s4	snr_boundary	0.000561083393674152	typeI_mH125-220/async_mcmc_20260903_115445.md	/home/yancy/Software/Bin/MathRelated/MultiNest/data_office/classified/both_12.csv	4860	1.889009331818612e+02	4.410989890270653e+02	4.514986322284915e+02	4.542384174552276e+03	9.968516942569280e-01	7.773036733312328e+00
143	office	both	m2_s4	snr_boundary	0.0003592617748138273	typeI_mH125-220/async_mcmc_20260903_212216.md	/home/yancy/Software/Bin/MathRelated/MultiNest/data_office/classified/both_13.csv	10660	1.799474907936133e+02	4.526909115039502e+02	4.578864081657733e+02	3.187093704548071e+03	9.961011546044632e-01	9.548359193904725e+00
144	qiushi	both	m2_s4	snr_boundary	3.479983364639018e-20	typeI_mH125-220/random_20260824_004325.md	/home/yancy/Software/Bin/MathRelated/MultiNest/data_qiushi/classified/both_1.csv	5245	2.128110000000000e+02	4.030800000000000e+02	2.143320000000000e+02	7.552990000000000e+03	9.947549999999999e-01	5.686380000000000e+00
145	qiushi	both	m2_s4	snr_boundary	1.105854592514087e-16	typeI_mH125-220/random_20260824_004325.md	/home/yancy/Software/Bin/MathRelated/MultiNest/data_qiushi/classified/both_1.csv	5563	2.171820000000000e+02	3.743630000000000e+02	3.603730000000000e+02	4.775830000000000e+03	9.959000000000000e-01	9.273730000000000e+00
146	qiushi	both	m2_s4	snr_boundary	1.003678065978806e-16	typeI_mH125-220/random_20260825_210947.md	/home/yancy/Software/Bin/MathRelated/MultiNest/data_qiushi/classified/both_1.csv	7235	2.109470000000000e+02	4.265670000000000e+02	2.009300000000000e+02	7.891100000000000e+03	9.961780000000000e-01	4.872040000000000e+00
147	yuanyuan	both	m2_s4	snr_boundary	4.320544488282441e-19	typeI_mH125-220/async_mcmc_20260903_210907.md	/home/yancy/Software/Bin/MathRelated/MultiNest/data_yuanyuan/classified/both_2.csv	10182	1.360437227022400e+02	3.011746762250863e+02	3.116439246328076e+02	1.519173664108886e+03	9.976905420780259e-01	1.050104486024376e+01
148	yuanyuan	both	m2_s4	snr_boundary	4.282152763957253e-20	typeI_mH125-220/random_20260822_062803.md	/home/yancy/Software/Bin/MathRelated/MultiNest/data_yuanyuan/classified/both_1.csv	5951	2.094670000000000e+02	4.083070000000000e+02	2.153510000000000e+02	5.867630000000000e+03	9.906000000000000e-01	6.621160000000000e+00
149	yuanyuan	both	m2_s4	snr_boundary	0.0001174913403396394	typeI_mH125-220/random_20260822_062803.md	/home/yancy/Software/Bin/MathRelated/MultiNest/data_yuanyuan/classified/both_1.csv	6034	2.083270000000000e+02	4.541570000000000e+02	4.612270000000000e+02	6.182560000000000e+03	9.978790000000000e-01	6.743430000000000e+00
150	office	both	m2_s5	snr_boundary	4.055041405212968e-05	typeI_mH125-220/async_mcmc_20260903_115445.md	/home/yancy/Software/Bin/MathRelated/MultiNest/data_office/classified/both_12.csv	6712	1.748956473654550e+02	4.476113358666103e+02	4.409550902756004e+02	4.354594723345172e+03	9.994699497124897e-01	5.334302235020211e+00
151	office	both	m2_s5	snr_boundary	0.0007700321886848142	typeI_mH125-220/async_mcmc_20260903_212216.md	/home/yancy/Software/Bin/MathRelated/MultiNest/data_office/classified/both_13.csv	6682	1.879287750261538e+02	4.677738875698431e+02	4.706563548069017e+02	3.430357930904297e+03	9.992012945578501e-01	9.766258431481049e+00
152	office	both	m2_s5	snr_boundary	0.001326046361143986	typeI_mH125-220/async_mcmc_20260903_212216.md	/home/yancy/Software/Bin/MathRelated/MultiNest/data_office/classified/both_13.csv	9156	1.747051383584870e+02	4.542341216512644e+02	4.538467520808202e+02	4.358328818827245e+03	9.992746750802359e-01	6.377964973127516e+00
153	qiushi	both	m2_s5	snr_boundary	1.139611986819575e-11	typeI_mH125-220/random_20260824_004325.md	/home/yancy/Software/Bin/MathRelated/MultiNest/data_qiushi/classified/both_1.csv	5796	1.676830000000000e+02	3.872770000000000e+02	3.844150000000000e+02	3.086560000000000e+03	9.994990000000000e-01	6.755760000000000e+00
154	qiushi	both	m2_s5	snr_boundary	2.780842334190602e-16	typeI_mH125-220/random_20260825_011947.md	/home/yancy/Software/Bin/MathRelated/MultiNest/data_qiushi/classified/both_1.csv	6482	1.571400000000000e+02	3.348970000000000e+02	3.281620000000000e+02	1.677640000000000e+03	9.990740000000000e-01	1.405360000000000e+01
155	qiushi	both	m2_s5	snr_boundary	0.0001502255264946373	typeI_mH125-220/random_20260825_210947.md	/home/yancy/Software/Bin/MathRelated/MultiNest/data_qiushi/classified/both_1.csv	7517	1.790730000000000e+02	4.597130000000000e+02	4.648170000000000e+02	2.221180000000000e+03	9.997050000000000e-01	1.397240000000000e+01
156	yuanyuan	both	m2_s5	snr_boundary	4.684771117142531e-20	typeI_mH125-220/random_20260823_011757.md	/home/yancy/Software/Bin/MathRelated/MultiNest/data_yuanyuan/classified/both_1.csv	6460	1.678520000000000e+02	2.625450000000000e+02	2.852650000000000e+02	3.670500000000000e+03	9.995920000000000e-01	3.685420000000000e+00
157	yuanyuan	both	m2_s5	snr_boundary	1.100954352262776e-20	typeI_mH125-220/random_20260823_011757.md	/home/yancy/Software/Bin/MathRelated/MultiNest/data_yuanyuan/classified/both_1.csv	6790	1.963450000000000e+02	3.145560000000000e+02	3.332280000000000e+02	5.722440000000000e+03	9.991880000000000e-01	6.266450000000000e+00
158	yuanyuan	both	m2_s5	snr_boundary	5.70657650808261e-05	typeI_mH125-220/random_20260824_002709.md	/home/yancy/Software/Bin/MathRelated/MultiNest/data_yuanyuan/classified/both_2.csv	11531	2.198180000000000e+02	4.796500000000000e+02	4.834590000000000e+02	6.253990000000000e+03	9.996610000000000e-01	7.127990000000000e+00
159	office	both	m3_s3	snr_boundary	0.06520010937352695	typeI_mH220-500/random_20260825_014923.md	/home/yancy/Software/Bin/MathRelated/MultiNest/data_office/classified/both_8.csv	137	2.209585354984833e+02	5.749313664226008e+02	2.087235032193816e+02	4.370513976186792e+03	9.877937088865621e-01	1.102956321894124e+01
160	office	both	m3_s3	snr_boundary	8.630770549431948e-08	typeI_mH220-500/random_20260902_020759.md	/home/yancy/Software/Bin/MathRelated/MultiNest/data_office/classified/both_10.csv	3926	2.523255774801846e+02	5.470473037088367e+02	2.405153454838022e+02	1.360863188204022e+04	9.898792292356039e-01	4.518280842189496e+00
161	office	both	m3_s3	snr_boundary	8.81480037802397e-15	typeI_mH220-500/random_20260902_020759.md	/home/yancy/Software/Bin/MathRelated/MultiNest/data_office/classified/both_10.csv	4002	2.240833720605147e+02	4.234176227951966e+02	2.181302336501674e+02	4.976163703629075e+03	9.876317341968123e-01	9.909670291311500e+00
162	qiushi	both	m3_s3	snr_boundary	0.00239594970541175	typeI_mH220-500/random_20260826_184030.md	/home/yancy/Software/Bin/MathRelated/MultiNest/data_qiushi/classified/both_1.csv	8719	2.249800000000000e+02	5.829380000000000e+02	2.239310000000000e+02	7.856470000000000e+03	9.895190000000000e-01	6.202360000000000e+00
163	qiushi	both	m3_s3	snr_boundary	5.767158044681942e-12	typeI_mH220-500/random_20260902_194953.md	/home/yancy/Software/Bin/MathRelated/MultiNest/data_qiushi/classified/both_2.csv	3300	2.504900000000000e+02	4.920450000000000e+02	2.528100000000000e+02	1.120340000000000e+04	9.881810000000000e-01	5.580840000000000e+00
164	qiushi	both	m3_s3	snr_boundary	1.238883853887148e-10	typeI_mH220-500/random_20260902_194953.md	/home/yancy/Software/Bin/MathRelated/MultiNest/data_qiushi/classified/both_2.csv	3473	2.875600000000000e+02	5.356890000000000e+02	2.744960000000000e+02	1.315170000000000e+04	9.892460000000000e-01	5.920500000000000e+00
165	yuanyuan	both	m3_s3	snr_boundary	1.4608432616507e-18	typeI_mH220-500/random_20260826_184019.md	/home/yancy/Software/Bin/MathRelated/MultiNest/data_yuanyuan/classified/both_2.csv	1110	2.571900000000000e+02	4.561610000000000e+02	2.464960000000000e+02	1.028610000000000e+04	9.886050000000000e-01	5.999520000000000e+00
166	yuanyuan	both	m3_s3	snr_boundary	4.436966459692984e-19	typeI_mH220-500/random_20260830_180625.md	/home/yancy/Software/Bin/MathRelated/MultiNest/data_yuanyuan/classified/both_1.csv	11483	3.815990000000000e+02	3.238630000000000e+02	2.833600000000000e+02	1.210260000000000e+04	9.888200000000000e-01	1.181550000000000e+01
167	yuanyuan	both	m3_s3	snr_boundary	4.873884737952274e-09	typeI_mH220-500/random_20260830_180625.md	/home/yancy/Software/Bin/MathRelated/MultiNest/data_yuanyuan/classified/both_1.csv	11956	3.495690000000000e+02	4.492740000000000e+02	3.174480000000000e+02	1.429050000000000e+04	9.867850000000000e-01	8.174880000000000e+00
168	office	both	m3_s4	snr_boundary	2.189076234342646e-11	typeI_mH220-500/random_20260830_123811.md	/home/yancy/Software/Bin/MathRelated/MultiNest/data_office/classified/both_11.csv	8570	2.380580717235830e+02	4.427285187442345e+02	4.420061454933269e+02	7.497782019831083e+03	9.970041028297867e-01	6.645249926783684e+00
169	office	both	m3_s4	snr_boundary	2.997549913742651e-16	typeI_mH220-500/random_20260831_005128.md	/home/yancy/Software/Bin/MathRelated/MultiNest/data_office/classified/both_11.csv	11916	2.597421947702509e+02	4.012982696355643e+02	4.032140406166154e+02	1.241301757194064e+04	9.975153350814797e-01	4.405199680814350e+00
170	office	both	m3_s4	snr_boundary	8.984342852062912e-08	typeI_mH220-500/random_20260902_020759.md	/home/yancy/Software/Bin/MathRelated/MultiNest/data_office/classified/both_10.csv	4463	2.652329593121335e+02	5.565153805509012e+02	2.589983469053258e+02	1.189303235254391e+04	9.920221168254068e-01	5.346448635954116e+00
171	qiushi	both	m3_s4	snr_boundary	5.386137399675575e-07	typeI_mH220-500/random_20260826_184030.md	/home/yancy/Software/Bin/MathRelated/MultiNest/data_qiushi/classified/both_1.csv	9176	2.415320000000000e+02	5.442540000000000e+02	2.338140000000000e+02	1.174360000000000e+04	9.974229999999999e-01	3.611190000000000e+00
172	qiushi	both	m3_s4	snr_boundary	8.962958563729011e-16	typeI_mH220-500/random_20260826_184030.md	/home/yancy/Software/Bin/MathRelated/MultiNest/data_qiushi/classified/both_1.csv	9810	3.335740000000000e+02	4.465550000000000e+02	4.388640000000000e+02	8.223940000000001e+03	9.976910000000000e-01	1.338630000000000e+01
173	qiushi	both	m3_s4	snr_boundary	6.05099727140095e-19	typeI_mH220-500/random_20260828_001210.md	/home/yancy/Software/Bin/MathRelated/MultiNest/data_qiushi/classified/both_1.csv	10397	2.597280000000000e+02	4.583340000000000e+02	2.681940000000000e+02	1.450330000000000e+04	9.981160000000000e-01	4.010740000000000e+00
174	yuanyuan	both	m3_s4	snr_boundary	1.338322004804292e-06	typeI_mH220-500/random_20260825_015240.md	/home/yancy/Software/Bin/MathRelated/MultiNest/data_yuanyuan/classified/both_1.csv	9406	2.539300000000000e+02	5.448980000000000e+02	2.368640000000000e+02	6.744240000000000e+03	9.937520000000000e-01	9.377079999999999e+00
175	yuanyuan	both	m3_s4	snr_boundary	6.500109321619996e-06	typeI_mH220-500/random_20260825_015240.md	/home/yancy/Software/Bin/MathRelated/MultiNest/data_yuanyuan/classified/both_1.csv	10413	4.574550000000000e+02	5.427580000000000e+02	5.408540000000000e+02	1.223270000000000e+04	9.972430000000000e-01	1.708910000000000e+01
176	yuanyuan	both	m3_s4	snr_boundary	8.130930456683548e-17	typeI_mH220-500/random_20260830_180625.md	/home/yancy/Software/Bin/MathRelated/MultiNest/data_yuanyuan/classified/both_2.csv	258	2.683260000000000e+02	4.800890000000000e+02	2.478640000000000e+02	1.497000000000000e+04	9.936490000000000e-01	4.131740000000000e+00
177	office	both	m3_s5	snr_boundary	1.005799824294468e-05	typeI_mH220-500/random_20260830_123811.md	/home/yancy/Software/Bin/MathRelated/MultiNest/data_office/classified/both_11.csv	4335	2.358212144766761e+02	5.719475463763597e+02	2.210934357408314e+02	5.532309857945032e+03	9.994077800252484e-01	9.649293027890330e+00
178	office	both	m3_s5	snr_boundary	2.860407295122375e-16	typeI_mH220-500/random_20260830_123811.md	/home/yancy/Software/Bin/MathRelated/MultiNest/data_office/classified/both_11.csv	4423	2.331352032770375e+02	4.661188656321619e+02	2.374947936061449e+02	6.230943566986758e+03	9.994981896798902e-01	7.942531958965619e+00
179	office	both	m3_s5	snr_boundary	4.969996994301418e-08	typeI_mH220-500/random_20260830_123811.md	/home/yancy/Software/Bin/MathRelated/MultiNest/data_office/classified/both_11.csv	9241	3.334623100159828e+02	5.191641504062520e+02	5.323496707716134e+02	1.323213407039650e+04	9.991876968395971e-01	8.203907646352070e+00
180	qiushi	both	m3_s5	snr_boundary	4.518354737072078e-20	typeI_mH220-500/random_20260826_184030.md	/home/yancy/Software/Bin/MathRelated/MultiNest/data_qiushi/classified/both_1.csv	8697	2.981520000000000e+02	4.295310000000000e+02	4.395360000000000e+02	7.629560000000000e+03	9.993300000000001e-01	1.127000000000000e+01
181	qiushi	both	m3_s5	snr_boundary	1.194909174674581e-17	typeI_mH220-500/random_20260828_001210.md	/home/yancy/Software/Bin/MathRelated/MultiNest/data_qiushi/classified/both_1.csv	10764	2.458250000000000e+02	3.826830000000000e+02	3.782690000000000e+02	1.175260000000000e+04	9.990090000000000e-01	3.927360000000000e+00
182	qiushi	both	m3_s5	snr_boundary	6.578175472061274e-16	typeI_mH220-500/random_20260902_194953.md	/home/yancy/Software/Bin/MathRelated/MultiNest/data_qiushi/classified/both_2.csv	4148	2.434670000000000e+02	4.092340000000000e+02	3.924360000000000e+02	9.306330000000000e+03	9.996790000000000e-01	5.508140000000000e+00
183	yuanyuan	both	m3_s5	snr_boundary	7.53435604135862e-18	typeI_mH220-500/random_20260825_015240.md	/home/yancy/Software/Bin/MathRelated/MultiNest/data_yuanyuan/classified/both_1.csv	9599	3.356950000000000e+02	4.680360000000000e+02	4.797830000000000e+02	1.470300000000000e+04	9.991920000000000e-01	7.227260000000000e+00
184	yuanyuan	both	m3_s5	snr_boundary	4.461117804581571e-15	typeI_mH220-500/random_20260825_015240.md	/home/yancy/Software/Bin/MathRelated/MultiNest/data_yuanyuan/classified/both_1.csv	9966	2.883390000000000e+02	5.179650000000000e+02	2.777880000000000e+02	1.065430000000000e+04	9.994050000000000e-01	7.242320000000000e+00
185	yuanyuan	both	m3_s5	snr_boundary	7.479289958454874e-05	typeI_mH220-500/random_20260825_015240.md	/home/yancy/Software/Bin/MathRelated/MultiNest/data_yuanyuan/classified/both_1.csv	10836	2.714990000000000e+02	5.153480000000000e+02	5.111060000000000e+02	1.120270000000000e+04	9.998950000000000e-01	6.476680000000000e+00
186	office	both	m1_s0	strict_no_signal	8.24790859585628e-26	typeI_mH62-125/random_20260831_095826.md	/home/yancy/Software/Bin/MathRelated/MultiNest/data_office/classified/both_8.csv	5313	1.138230000000000e+02	2.090080000000000e+02	1.970100000000000e+02	7.056609999999999e+02	1.841600000000000e-02	1.754070000000000e+01
187	office	both	m1_s0	strict_no_signal	1.340753124243234e-25	typeI_mH62-125/random_20260901_123243.md	/home/yancy/Software/Bin/MathRelated/MultiNest/data_office/classified/both_10.csv	2812	1.230270000000000e+02	2.233120000000000e+02	1.522590000000000e+02	1.731050000000000e+03	4.472960000000000e-02	8.219820000000000e+00
188	office	both	m1_s0	strict_no_signal	1.098562092865152e-27	typeI_mH62-125/random_20260901_123251.md	/home/yancy/Software/Bin/MathRelated/MultiNest/data_office/classified/both_9.csv	1108	1.062364368148188e+02	2.664711567238890e+02	8.767074038135543e+01	2.451253568774745e+03	5.928908490890852e-02	4.142073983950456e+00
189	qiushi	both	m1_s0	strict_no_signal	1.469316853187182e-24	typeI_mH62-125/random_20260821_011644.md	/home/yancy/Software/Bin/MathRelated/MultiNest/data_qiushi/classified/both_1.csv	453	8.300080000000000e+01	2.007430000000000e+02	1.832370000000000e+02	5.189860000000000e+02	3.845480000000000e-02	7.153410000000000e+00
190	qiushi	both	m1_s0	strict_no_signal	2.330576587323181e-21	typeI_mH62-125/random_20260831_005538.md	/home/yancy/Software/Bin/MathRelated/MultiNest/data_qiushi/classified/both_2.csv	1185	7.805010000000000e+01	2.395740000000000e+02	2.192450000000000e+02	4.016450000000000e+02	5.305250000000000e-02	1.245320000000000e+01
191	qiushi	both	m1_s0	strict_no_signal	8.7894810495195e-22	typeI_mH62-125/random_20260831_184047.md	/home/yancy/Software/Bin/MathRelated/MultiNest/data_qiushi/classified/both_1.csv	11700	1.016280000000000e+02	2.309590000000000e+02	2.203200000000000e+02	7.782770000000000e+02	4.607860000000000e-02	1.030360000000000e+01
192	yuanyuan	both	m1_s0	strict_no_signal	2.883102995768425e-26	typeI_mH62-125/random_20260821_014125.md	/home/yancy/Software/Bin/MathRelated/MultiNest/data_yuanyuan/classified/both_1.csv	5256	1.186660000000000e+02	2.013220000000000e+02	1.619620000000000e+02	1.312760000000000e+03	3.119990000000000e-02	7.650110000000000e+00
193	yuanyuan	both	m1_s0	strict_no_signal	5.725757140352534e-26	typeI_mH62-125/random_20260901_123420.md	/home/yancy/Software/Bin/MathRelated/MultiNest/data_yuanyuan/classified/both_2.csv	7391	1.207070000000000e+02	2.383490000000000e+02	1.208190000000000e+02	8.325890000000001e+02	2.976710000000000e-02	1.660030000000000e+01
194	yuanyuan	both	m1_s0	strict_no_signal	3.473593422025051e-26	typeI_mH62-125/random_20260901_123420.md	/home/yancy/Software/Bin/MathRelated/MultiNest/data_yuanyuan/classified/both_2.csv	7931	1.163520000000000e+02	2.067180000000000e+02	1.071230000000000e+02	6.713440000000001e+02	2.446330000000000e-02	1.953640000000000e+01
195	office	both	m1_s1	strict_no_signal	8.479673034396315e-32	typeI_mH62-125/random_20260831_095833.md	/home/yancy/Software/Bin/MathRelated/MultiNest/data_office/classified/both_8.csv	10202	9.059814283212802e+01	2.056124394963653e+02	1.914108004643792e+02	6.159801359160294e+02	7.656893061945902e-02	7.912617453256711e+00
196	office	both	m1_s1	strict_no_signal	1.169922991847022e-23	typeI_mH62-125/random_20260901_123251.md	/home/yancy/Software/Bin/MathRelated/MultiNest/data_office/classified/both_10.csv	2251	1.183583684784172e+02	2.431643896040807e+02	2.532277243149223e+02	1.185502842805143e+03	1.289816212228317e-01	7.732898719213428e+00
197	office	both	m1_s1	strict_no_signal	4.425474875477682e-25	typeI_mH62-125/random_20260901_123251.md	/home/yancy/Software/Bin/MathRelated/MultiNest/data_office/classified/both_9.csv	5015	1.115674666221375e+02	2.124815625153846e+02	1.695097687082173e+02	8.161046783897464e+02	1.111278083436788e-01	1.490002715644189e+01
198	qiushi	both	m1_s1	strict_no_signal	5.539115365161274e-27	typeI_mH62-125/random_20260821_011644.md	/home/yancy/Software/Bin/MathRelated/MultiNest/data_qiushi/classified/both_1.csv	350	1.147780000000000e+02	2.728320000000000e+02	2.540800000000000e+02	1.017030000000000e+03	6.697250000000000e-02	9.566970000000000e+00
199	qiushi	both	m1_s1	strict_no_signal	2.805303747178752e-21	typeI_mH62-125/random_20260901_134416.md	/home/yancy/Software/Bin/MathRelated/MultiNest/data_qiushi/classified/both_2.csv	1687	1.052410000000000e+02	2.290790000000000e+02	2.042770000000000e+02	1.102390000000000e+03	1.819560000000000e-01	4.124190000000000e+00
200	qiushi	both	m1_s1	strict_no_signal	7.195735549693771e-22	typeI_mH62-125/random_20260901_134416.md	/home/yancy/Software/Bin/MathRelated/MultiNest/data_qiushi/classified/both_2.csv	2250	9.806990000000000e+01	2.220470000000000e+02	1.947550000000000e+02	1.171700000000000e+03	6.196030000000000e-02	4.749470000000000e+00
201	yuanyuan	both	m1_s1	strict_no_signal	2.541227224942684e-22	typeI_mH62-125/random_20260831_090924.md	/home/yancy/Software/Bin/MathRelated/MultiNest/data_yuanyuan/classified/both_2.csv	2180	9.853520000000000e+01	2.081020000000000e+02	1.846320000000000e+02	1.626730000000000e+03	1.611470000000000e-01	5.913470000000000e+00
202	yuanyuan	both	m1_s1	strict_no_signal	1.80433927878748e-24	typeI_mH62-125/random_20260901_123420.md	/home/yancy/Software/Bin/MathRelated/MultiNest/data_yuanyuan/classified/both_2.csv	5050	1.019890000000000e+02	2.042230000000000e+02	1.765850000000000e+02	1.128900000000000e+03	9.969470000000000e-02	6.866060000000000e+00
203	yuanyuan	both	m1_s1	strict_no_signal	1.083108263959836e-25	typeI_mH62-125/random_20260901_123420.md	/home/yancy/Software/Bin/MathRelated/MultiNest/data_yuanyuan/classified/both_2.csv	7167	1.237530000000000e+02	2.374770000000000e+02	2.113050000000000e+02	1.307080000000000e+03	9.386580000000000e-02	8.801610000000000e+00
204	office	both	m2_s3	strict_no_signal	7.253978778404112e-25	typeI_mH125-220/random_20260823_003839.md	/home/yancy/Software/Bin/MathRelated/MultiNest/data_office/classified/both_7.csv	9526	1.255062035253132e+02	2.132668013269266e+02	2.251367457883059e+02	1.498684563153703e+03	9.826902896620012e-01	9.744500726701233e+00
205	office	both	m2_s3	strict_no_signal	5.683992813614947e-24	typeI_mH125-220/random_20260823_182414.md	/home/yancy/Software/Bin/MathRelated/MultiNest/data_office/classified/both_6.csv	12049	1.253467262235998e+02	2.535165887841516e+02	2.283694255292554e+02	1.622227796045826e+03	9.664507430254784e-01	8.612755288802312e+00
206	office	both	m2_s3	strict_no_signal	2.117390801419356e-22	typeI_mH125-220/random_20260824_135839.md	/home/yancy/Software/Bin/MathRelated/MultiNest/data_office/classified/both_7.csv	2903	1.260985091658223e+02	2.620461485023372e+02	2.611813545479150e+02	1.593735326534692e+03	9.672377819601365e-01	6.903758613388469e+00
207	qiushi	both	m2_s3	strict_no_signal	5.50719277290883e-25	typeI_mH125-220/random_20260823_112743.md	/home/yancy/Software/Bin/MathRelated/MultiNest/data_qiushi/classified/both_1.csv	3892	1.263160000000000e+02	2.146160000000000e+02	2.325020000000000e+02	1.367290000000000e+03	9.616400000000001e-01	1.060860000000000e+01
208	qiushi	both	m2_s3	strict_no_signal	1.484243769464202e-26	typeI_mH125-220/random_20260823_112743.md	/home/yancy/Software/Bin/MathRelated/MultiNest/data_qiushi/classified/both_1.csv	4421	1.278850000000000e+02	2.157950000000000e+02	2.087610000000000e+02	1.132260000000000e+03	9.531110000000000e-01	1.254840000000000e+01
209	yuanyuan	both	m2_s3	strict_no_signal	5.457373931636039e-26	typeI_mH125-220/random_20260823_112730.md	/home/yancy/Software/Bin/MathRelated/MultiNest/data_yuanyuan/classified/both_1.csv	8224	1.256950000000000e+02	2.324230000000000e+02	2.004720000000000e+02	1.125690000000000e+03	9.848910000000000e-01	1.241700000000000e+01
210	yuanyuan	both	m2_s3	strict_no_signal	1.706260192589436e-23	typeI_mH125-220/random_20260824_002709.md	/home/yancy/Software/Bin/MathRelated/MultiNest/data_yuanyuan/classified/both_2.csv	10986	1.262340000000000e+02	2.530270000000000e+02	2.558650000000000e+02	1.523370000000000e+03	9.820590000000000e-01	8.494170000000000e+00
211	office	both	m2_s4	strict_no_signal	1.314642907117948e-26	typeI_mH125-220/random_20260823_003839.md	/home/yancy/Software/Bin/MathRelated/MultiNest/data_office/classified/both_7.csv	10502	2.113821392361490e+02	2.880652337159721e+02	2.052424752206707e+02	5.820810202440740e+03	9.979724574330595e-01	6.696412353960524e+00
212	office	both	m2_s4	strict_no_signal	4.246824378101726e-26	typeI_mH125-220/random_20260824_135839.md	/home/yancy/Software/Bin/MathRelated/MultiNest/data_office/classified/both_7.csv	6120	2.096678425282407e+02	3.255562325095984e+02	2.026557969604368e+02	7.576145536250787e+03	9.927327045013502e-01	4.512916619256540e+00
213	qiushi	both	m2_s4	strict_no_signal	3.698277408721385e-23	typeI_mH125-220/random_20260822_062750.md	/home/yancy/Software/Bin/MathRelated/MultiNest/data_qiushi/classified/both_1.csv	2138	1.946650000000000e+02	3.122280000000000e+02	2.814250000000000e+02	4.541620000000000e+03	9.960980000000000e-01	8.281010000000000e+00
214	qiushi	both	m2_s4	strict_no_signal	1.587665200188578e-26	typeI_mH125-220/random_20260823_112743.md	/home/yancy/Software/Bin/MathRelated/MultiNest/data_qiushi/classified/both_1.csv	3457	1.465270000000000e+02	2.578610000000000e+02	2.363580000000000e+02	2.099270000000000e+03	9.954360000000000e-01	7.577450000000000e+00
215	yuanyuan	both	m2_s4	strict_no_signal	2.885276750755963e-26	typeI_mH125-220/random_20260823_011757.md	/home/yancy/Software/Bin/MathRelated/MultiNest/data_yuanyuan/classified/both_1.csv	6980	1.840340000000000e+02	2.172480000000000e+02	2.254560000000000e+02	3.256250000000000e+03	9.954220000000000e-01	1.015630000000000e+01
216	yuanyuan	both	m2_s4	strict_no_signal	1.777674284546119e-26	typeI_mH125-220/random_20260823_112730.md	/home/yancy/Software/Bin/MathRelated/MultiNest/data_yuanyuan/classified/both_1.csv	8215	2.132450000000000e+02	2.263560000000000e+02	2.732620000000000e+02	7.157780000000000e+03	9.971790000000000e-01	4.739600000000000e+00
217	office	both	m2_s5	strict_no_signal	1.097011071590632e-23	typeI_mH125-220/random_20260824_135839.md	/home/yancy/Software/Bin/MathRelated/MultiNest/data_office/classified/both_7.csv	5963	1.727880085086090e+02	2.695532088403186e+02	2.559511893187154e+02	5.317583935777511e+03	9.990009616084677e-01	3.571254791309250e+00
218	office	both	m2_s5	strict_no_signal	3.518096163051899e-26	typeI_mH125-220/random_20260824_135839.md	/home/yancy/Software/Bin/MathRelated/MultiNest/data_office/classified/both_7.csv	8012	1.791675950175004e+02	2.715559543833937e+02	2.077495268760237e+02	3.911037023615055e+03	9.991065588912219e-01	6.656068405015283e+00
219	qiushi	both	m2_s5	strict_no_signal	2.66818445087747e-23	typeI_mH125-220/random_20260823_112743.md	/home/yancy/Software/Bin/MathRelated/MultiNest/data_qiushi/classified/both_1.csv	4455	1.914530000000000e+02	3.141100000000000e+02	3.230320000000000e+02	3.547680000000000e+03	9.996670000000000e-01	9.344379999999999e+00
220	qiushi	both	m2_s5	strict_no_signal	8.587311179759046e-23	typeI_mH125-220/random_20260825_210947.md	/home/yancy/Software/Bin/MathRelated/MultiNest/data_qiushi/classified/both_1.csv	7539	2.111420000000000e+02	3.223890000000000e+02	3.389980000000000e+02	6.084390000000000e+03	9.999270000000000e-01	6.273460000000000e+00
221	yuanyuan	both	m2_s5	strict_no_signal	4.683604666636537e-25	typeI_mH125-220/random_20260823_011757.md	/home/yancy/Software/Bin/MathRelated/MultiNest/data_yuanyuan/classified/both_1.csv	6859	1.651140000000000e+02	2.572840000000000e+02	2.405070000000000e+02	6.018100000000000e+03	9.992980000000000e-01	3.874110000000000e+00
222	yuanyuan	both	m2_s5	strict_no_signal	8.73913660905624e-26	typeI_mH125-220/random_20260824_002709.md	/home/yancy/Software/Bin/MathRelated/MultiNest/data_yuanyuan/classified/both_2.csv	11863	1.619080000000000e+02	2.537550000000000e+02	2.035480000000000e+02	5.430490000000000e+03	9.993370000000000e-01	4.480490000000000e+00
223	office	both	m3_s3	strict_no_signal	1.606080799796628e-29	typeI_mH220-500/random_20260825_014923.md	/home/yancy/Software/Bin/MathRelated/MultiNest/data_office/classified/both_7.csv	11661	3.129142074817364e+02	2.090954576969418e+02	3.167479486147945e+02	1.400115423941634e+04	9.896277273418999e-01	6.598409120405977e+00
224	office	both	m3_s3	strict_no_signal	4.188154130324865e-29	typeI_mH220-500/random_20260830_123811.md	/home/yancy/Software/Bin/MathRelated/MultiNest/data_office/classified/both_11.csv	6965	3.074289587645682e+02	2.433028108441181e+02	2.206728972319744e+02	1.444847057810738e+04	9.880682677913836e-01	6.276149392493279e+00
225	qiushi	both	m3_s3	strict_no_signal	7.117971350437227e-27	typeI_mH220-500/random_20260828_001210.md	/home/yancy/Software/Bin/MathRelated/MultiNest/data_qiushi/classified/both_1.csv	10608	3.022710000000000e+02	4.156600000000000e+02	2.849200000000000e+02	1.370630000000000e+04	9.885910000000000e-01	6.444880000000000e+00
226	qiushi	both	m3_s3	strict_no_signal	6.540968642573765e-30	typeI_mH220-500/random_20260902_194953.md	/home/yancy/Software/Bin/MathRelated/MultiNest/data_qiushi/classified/both_2.csv	3339	3.435900000000000e+02	2.578910000000000e+02	2.510090000000000e+02	1.454170000000000e+04	9.852690000000000e-01	8.067740000000001e+00
227	yuanyuan	both	m3_s3	strict_no_signal	4.963022601678855e-31	typeI_mH220-500/random_20260825_015240.md	/home/yancy/Software/Bin/MathRelated/MultiNest/data_yuanyuan/classified/both_1.csv	10748	2.878990000000000e+02	2.166530000000000e+02	2.108230000000000e+02	1.389030000000000e+04	9.884490000000000e-01	5.061570000000000e+00
228	yuanyuan	both	m3_s3	strict_no_signal	8.14663013809864e-29	typeI_mH220-500/random_20260826_184019.md	/home/yancy/Software/Bin/MathRelated/MultiNest/data_yuanyuan/classified/both_2.csv	1116	2.978600000000000e+02	2.860690000000000e+02	2.608830000000000e+02	1.279230000000000e+04	9.897120000000000e-01	6.713770000000000e+00
229	office	both	m3_s4	strict_no_signal	3.072417081190541e-27	typeI_mH220-500/random_20260829_222735.md	/home/yancy/Software/Bin/MathRelated/MultiNest/data_office/classified/both_11.csv	2835	3.256710491334840e+02	3.702444327231921e+02	2.912832263667738e+02	8.184501811879552e+03	9.970212618119589e-01	1.273790363724678e+01
230	office	both	m3_s4	strict_no_signal	2.6493209290213e-29	typeI_mH220-500/random_20260830_123811.md	/home/yancy/Software/Bin/MathRelated/MultiNest/data_office/classified/both_11.csv	7162	4.302497466863418e+02	3.611764253762198e+02	4.105794809994163e+02	1.444118394204443e+04	9.974738132426132e-01	1.262318793318832e+01
231	qiushi	both	m3_s4	strict_no_signal	7.587498105675151e-28	typeI_mH220-500/random_20260820_084408.md	/home/yancy/Software/Bin/MathRelated/MultiNest/data_qiushi/classified/both.csv	11272	2.394270000000000e+02	2.571230000000000e+02	2.189160000000000e+02	8.041920000000000e+03	9.956990000000000e-01	6.142420000000000e+00
232	qiushi	both	m3_s4	strict_no_signal	9.96465438802165e-28	typeI_mH220-500/random_20260902_194953.md	/home/yancy/Software/Bin/MathRelated/MultiNest/data_qiushi/classified/both_2.csv	3082	3.203980000000000e+02	2.033740000000000e+02	3.278250000000000e+02	1.409150000000000e+04	9.983630000000000e-01	6.558410000000000e+00
233	yuanyuan	both	m3_s4	strict_no_signal	3.988842966859166e-27	typeI_mH220-500/random_20260830_180625.md	/home/yancy/Software/Bin/MathRelated/MultiNest/data_yuanyuan/classified/both_2.csv	112	3.424290000000000e+02	4.347000000000000e+02	3.325730000000000e+02	1.499600000000000e+04	9.904240000000000e-01	7.646960000000000e+00
234	yuanyuan	both	m3_s4	strict_no_signal	6.222429992908138e-24	typeI_mH220-500/random_20260830_180625.md	/home/yancy/Software/Bin/MathRelated/MultiNest/data_yuanyuan/classified/both_2.csv	466	2.281040000000000e+02	3.967580000000000e+02	2.200690000000000e+02	1.386170000000000e+04	9.919510000000000e-01	3.643220000000000e+00
235	office	both	m3_s5	strict_no_signal	1.380499267042277e-21	typeI_mH220-500/random_20260830_123811.md	/home/yancy/Software/Bin/MathRelated/MultiNest/data_office/classified/both_11.csv	8310	2.586680826212176e+02	4.439869814836204e+02	2.567466256137397e+02	1.377666494056316e+04	9.995832349707671e-01	4.728268778795177e+00
236	office	both	m3_s5	strict_no_signal	2.782766163476637e-26	typeI_mH220-500/random_20260902_020759.md	/home/yancy/Software/Bin/MathRelated/MultiNest/data_office/classified/both_10.csv	3507	2.727151299978690e+02	3.529377450515985e+02	2.583986627358201e+02	1.361726121492636e+04	9.994827265546313e-01	5.171890215420207e+00
237	qiushi	both	m3_s5	strict_no_signal	9.673253280410603e-27	typeI_mH220-500/random_20260826_184030.md	/home/yancy/Software/Bin/MathRelated/MultiNest/data_qiushi/classified/both_1.csv	8527	2.983760000000000e+02	2.548840000000000e+02	3.226770000000000e+02	6.383840000000000e+03	9.995670000000000e-01	1.368800000000000e+01
238	qiushi	both	m3_s5	strict_no_signal	4.014019942615469e-26	typeI_mH220-500/random_20260902_194953.md	/home/yancy/Software/Bin/MathRelated/MultiNest/data_qiushi/classified/both_2.csv	3191	2.376740000000000e+02	3.361430000000000e+02	2.466990000000000e+02	9.012760000000000e+03	9.991310000000000e-01	4.144790000000000e+00
239	yuanyuan	both	m3_s5	strict_no_signal	8.971730982976205e-27	typeI_mH220-500/random_20260825_015240.md	/home/yancy/Software/Bin/MathRelated/MultiNest/data_yuanyuan/classified/both_1.csv	9929	2.872510000000000e+02	3.444160000000000e+02	2.610050000000000e+02	1.287840000000000e+04	9.996510000000000e-01	5.352310000000000e+00
240	yuanyuan	both	m3_s5	strict_no_signal	2.637145203240322e-24	typeI_mH220-500/random_20260830_180625.md	/home/yancy/Software/Bin/MathRelated/MultiNest/data_yuanyuan/classified/both_1.csv	11485	2.468360000000000e+02	4.165660000000000e+02	2.451590000000000e+02	6.880110000000000e+03	9.997210000000000e-01	7.764470000000000e+00
