mH	mA	mHc	m12sq	sba	tb	SNR	log10_SNR	status	chain	step	accepted	th_stability	th_bfb_val	th_unitarity	th_unitarimax	th_flavor	th_flbsgamma	th_flbsmumu	th_b2sgam_chisq	th_bs2mumu_chisq	th_ewpo	th_chisq_stu	th_MW2L	th_GammaZtot	th_s2w	th_collider_hb	th_collider_hs	th_obsratio_h	th_obsratio_H	th_obsratio_A	th_obsratio_Hp	th_expratio_h	th_expratio_H	th_expratio_A	th_expratio_Hp	th_channel_h	th_channel_H	th_channel_A	th_channel_Hp	th_process_h	th_process_H	th_process_A	th_process_Hp	th_delta_chisqhs	th_passed	th_message	yuktype	L1	L2	L3	L4	L5	m12sq_calgw	tbeta	Dm11sq	Dm22sq	Dm12sq	DL1	DL2	DL3	DL4	DL5	DT1	DT2	DT3	status_nlo_stability	status_ewsr	status_tracing	status_coex_pairs	runtime	status_crit_0	T_crit_0	omega_CB_crit_false_0	omega_1_crit_false_0	omega_2_crit_false_0	omega_CP_crit_false_0	omega_CB_crit_true_0	omega_1_crit_true_0	omega_2_crit_true_0	omega_CP_crit_true_0	status_bounce_sol_0	status_nucl_approx_0	T_nucl_approx_0	omega_CB_nucl_approx_false_0	omega_1_nucl_approx_false_0	omega_2_nucl_approx_false_0	omega_CP_nucl_approx_false_0	omega_CB_nucl_approx_true_0	omega_1_nucl_approx_true_0	omega_2_nucl_approx_true_0	omega_CP_nucl_approx_true_0	status_nucl_0	T_nucl_0	omega_CB_nucl_false_0	omega_1_nucl_false_0	omega_2_nucl_false_0	omega_CP_nucl_false_0	omega_CB_nucl_true_0	omega_1_nucl_true_0	omega_2_nucl_true_0	omega_CP_nucl_true_0	status_perc_0	T_perc_0	omega_CB_perc_false_0	omega_1_perc_false_0	omega_2_perc_false_0	omega_CP_perc_false_0	omega_CB_perc_true_0	omega_1_perc_true_0	omega_2_perc_true_0	omega_CP_perc_true_0	status_compl_0	T_compl_0	omega_CB_compl_false_0	omega_1_compl_false_0	omega_2_compl_false_0	omega_CP_compl_false_0	omega_CB_compl_true_0	omega_1_compl_true_0	omega_2_compl_true_0	omega_CP_compl_true_0	status_gw_0	T_star_0	T_reh_0	v_wall_0	alpha_PT_0	beta/H_0	kappa_col_0	kappa_sw_0	eps_turb_0	cs_f_0	cs_t_0	fb_col_0	h2Omegab_col_0	f_1_sw_0	f_2_sw_0	h2Omega_2_sw_0	f_1_turb_0	f_2_turb_0	h2Omega_2_turb_0	SNR(LISA-3yrs)_col_0	SNR(LISA-3yrs)_sw_0	SNR(LISA-3yrs)_turb_0	SNR(LISA-3yrs)_0	transition_history	status_crit_1	T_crit_1	omega_CB_crit_false_1	omega_1_crit_false_1	omega_2_crit_false_1	omega_CP_crit_false_1	omega_CB_crit_true_1	omega_1_crit_true_1	omega_2_crit_true_1	omega_CP_crit_true_1	status_bounce_sol_1	status_nucl_approx_1	T_nucl_approx_1	omega_CB_nucl_approx_false_1	omega_1_nucl_approx_false_1	omega_2_nucl_approx_false_1	omega_CP_nucl_approx_false_1	omega_CB_nucl_approx_true_1	omega_1_nucl_approx_true_1	omega_2_nucl_approx_true_1	omega_CP_nucl_approx_true_1	status_nucl_1	T_nucl_1	omega_CB_nucl_false_1	omega_1_nucl_false_1	omega_2_nucl_false_1	omega_CP_nucl_false_1	omega_CB_nucl_true_1	omega_1_nucl_true_1	omega_2_nucl_true_1	omega_CP_nucl_true_1	status_perc_1	T_perc_1	omega_CB_perc_false_1	omega_1_perc_false_1	omega_2_perc_false_1	omega_CP_perc_false_1	omega_CB_perc_true_1	omega_1_perc_true_1	omega_2_perc_true_1	omega_CP_perc_true_1	status_compl_1	T_compl_1	omega_CB_compl_false_1	omega_1_compl_false_1	omega_2_compl_false_1	omega_CP_compl_false_1	omega_CB_compl_true_1	omega_1_compl_true_1	omega_2_compl_true_1	omega_CP_compl_true_1	status_gw_1	T_star_1	T_reh_1	v_wall_1	alpha_PT_1	beta/H_1	kappa_col_1	kappa_sw_1	eps_turb_1	cs_f_1	cs_t_1	fb_col_1	h2Omegab_col_1	f_1_sw_1	f_2_sw_1	h2Omega_2_sw_1	f_1_turb_1	f_2_turb_1	h2Omega_2_turb_1	SNR(LISA-3yrs)_col_1	SNR(LISA-3yrs)_sw_1	SNR(LISA-3yrs)_turb_1	SNR(LISA-3yrs)_1	status_crit_2	T_crit_2	omega_CB_crit_false_2	omega_1_crit_false_2	omega_2_crit_false_2	omega_CP_crit_false_2	omega_CB_crit_true_2	omega_1_crit_true_2	omega_2_crit_true_2	omega_CP_crit_true_2	status_bounce_sol_2	status_nucl_approx_2	T_nucl_approx_2	omega_CB_nucl_approx_false_2	omega_1_nucl_approx_false_2	omega_2_nucl_approx_false_2	omega_CP_nucl_approx_false_2	omega_CB_nucl_approx_true_2	omega_1_nucl_approx_true_2	omega_2_nucl_approx_true_2	omega_CP_nucl_approx_true_2	status_nucl_2	T_nucl_2	omega_CB_nucl_false_2	omega_1_nucl_false_2	omega_2_nucl_false_2	omega_CP_nucl_false_2	omega_CB_nucl_true_2	omega_1_nucl_true_2	omega_2_nucl_true_2	omega_CP_nucl_true_2	status_perc_2	T_perc_2	omega_CB_perc_false_2	omega_1_perc_false_2	omega_2_perc_false_2	omega_CP_perc_false_2	omega_CB_perc_true_2	omega_1_perc_true_2	omega_2_perc_true_2	omega_CP_perc_true_2	status_compl_2	T_compl_2	omega_CB_compl_false_2	omega_1_compl_false_2	omega_2_compl_false_2	omega_CP_compl_false_2	omega_CB_compl_true_2	omega_1_compl_true_2	omega_2_compl_true_2	omega_CP_compl_true_2	status_gw_2	T_star_2	T_reh_2	v_wall_2	alpha_PT_2	beta/H_2	kappa_col_2	kappa_sw_2	eps_turb_2	cs_f_2	cs_t_2	fb_col_2	h2Omegab_col_2	f_1_sw_2	f_2_sw_2	h2Omega_2_sw_2	f_1_turb_2	f_2_turb_2	h2Omega_2_turb_2	SNR(LISA-3yrs)_col_2	SNR(LISA-3yrs)_sw_2	SNR(LISA-3yrs)_turb_2	SNR(LISA-3yrs)_2	multistep_status	SNR_total	source
2.096678425282407e+02	3.255562325095984e+02	2.026557969604368e+02	7.576145536250787e+03	9.927327045013502e-01	4.512916619256540e+00	4.246824378101726e-26	-2.537193569832139e+01	success	0	0	0	true	2.459795406846470e-01	true	1.049149115122969e+01	true	3.256298690000000e-04	3.541377630000000e-09	1.512916961100170e+00	9.928503287059366e-02	true	2.852540326180537e-01	8.035925454073222e+01	2.494459607456470e+00	2.315499055396246e-01	true	true	7.896981925810723e-01	4.037788538640928e-01	7.068466654914082e-02	8.669004798454162e-02	3.972696271490221e+00	3.535892349598281e-01	8.480193794223274e-02	1.086508614694297e-01	CMS:2012qwq	ATLAS:2020tlo	CMS:2019qcx	ATLAS:2021upq	LHC8 [vbfH;HW;Htt;H;HZ]>[bb;tautau;WW;ZZ;gamgam]	LHC13 [ggH>ZZ]	LHC13 [ggH]->X1->Z(X2->[bb])	LHC13 [Hpmtb>tb]	5.794104752521008e+00	true	all checks passed	1	3.354862670917602e+00	2.464189891685605e-01	5.499583876576308e-01	9.868034696302680e-01	-1.158661811755611e+00	7.576145536250787e+03	4.512916619256540e+00	2510.9179317622888	-159.56870596519903	-387.77461752011561	0.65453926774068172	-0.034454940428411879	0.017395428665620813	0	-0.057624521258266753	0	0	0	success	ew_sym_res	success	success	378.36900000000003	success	162.37998555793294	-2.0127443874045408e-08	1.3030433737713825e-07	-5.1333920626043801e-09	-2.5312643680284994e-08	2.3023996959878048e-09	7.1274258924980796	21.49074358779464	-1.3800335404169647e-09	success	success	162.37001358778105	-2.0127443874045408e-08	1.3030433737713825e-07	-5.1333920626043801e-09	-2.5312643680284994e-08	-7.7517591491095474e-09	7.4096753221464002	22.348658347645443	6.1153588965401408e-09	success	162.37034632897843	-2.0127443874045408e-08	1.3030433737713825e-07	-5.1333920626043801e-09	-2.5312643680284994e-08	7.2417561119286761e-09	7.4009019197453529	22.321977993643262	1.3589452118100413e-09	success	162.36746685242917	-2.0127443874045408e-08	1.3030433737713825e-07	-5.1333920626043801e-09	-2.5312643680284994e-08	7.2211013902794078e-10	7.4756271520115609	22.549248398028382	1.8909861940616703e-09	success	162.36727357043981	-2.0127443874045408e-08	1.3030433737713825e-07	-5.1333920626043801e-09	-2.5312643680284994e-08	-6.7988207042415025e-10	7.4805737910343177	22.564295303947748	6.0811782807621767e-09	success	162.36746683796679	162.36746683796679	0.94999999999999996	4.7332686199190555e-05	2119173.1763897222	0	7.5330880848059937e-05	0.10000000000000001	0.57739276422836516	0.57736474198173071	6.3270038867366338	0	2.8366857375021257	18.079686453709773	3.7598262139750787e-31	8.9828533904457667e-05	31.203543112523384	1.1667981400511839e-38	0	4.2353366044541407e-26	2.2027472679757991e-28	4.2468243781017261e-26	0-(0)->1	nan	nan	nan	nan	nan	nan	nan	nan	nan	nan	nan	nan	nan	nan	nan	nan	nan	nan	nan	nan	nan	nan	nan	nan	nan	nan	nan	nan	nan	nan	nan	nan	nan	nan	nan	nan	nan	nan	nan	nan	nan	nan	nan	nan	nan	nan	nan	nan	nan	nan	nan	nan	nan	nan	nan	nan	nan	nan	nan	nan	nan	nan	nan	nan	nan	nan	nan	nan	nan	nan	nan	nan	nan	nan	nan	nan	nan	nan	nan	nan	nan	nan	nan	nan	nan	nan	nan	nan	nan	nan	nan	nan	nan	nan	nan	nan	nan	nan	nan	nan	nan	nan	nan	nan	nan	nan	nan	nan	nan	nan	nan	nan	nan	nan	nan	nan	nan	nan	nan	nan	nan	nan	nan	nan	nan	nan	nan	nan	nan	nan	nan	nan	nan	nan	nan	nan	nan	nan	nan	nan	nan	nan	nan	nan	nan	nan	nan	nan	single_step	4.246824378101726e-26	typeI_mH125-220/random_20260824_135839.md
4.302497466863418e+02	3.611764253762198e+02	4.105794809994163e+02	1.444118394204443e+04	9.974738132426132e-01	1.262318793318832e+01	2.649320929021300e-29	-2.857686542967527e+01	success	0	0	0	true	2.405422717135920e-01	true	2.305975785376624e+01	true	3.319615150000000e-04	3.455799840000000e-09	8.041827454161403e-01	3.999779313389154e-04	true	1.736834616956157e+00	8.035175837705923e+01	2.494026730109600e+00	2.315568418710846e-01	true	true	7.689722889960600e-01	9.307814138507993e-02	3.178643679046080e-01	1.100065062865030e-02	3.868431476826922e+00	1.469155999459001e-01	3.617152866937162e-01	7.674287343385264e-03	CMS:2012qwq	ATLAS-CONF-2023-034-Fig5-bot	ATLAS:2022enb	ATLAS:2021upq	LHC8 [vbfH;HW;Htt;H;HZ]>[bb;tautau;WW;ZZ;gamgam]	LHC13 [ggH]->X1->Z(X2->[bb])	LHC13 [H]->X1->Z(X2->[bb])	LHC13 [Hpmtb>tb]	2.116026386602385e+00	true	all checks passed	1	7.446325629432632e+00	2.409720063830992e-01	2.256897569049328e+00	-3.844406595721853e-01	8.756260986473281e-01	1.444118394204443e+04	1.262318793318832e+01	8441.4096756482359	708.6369497609727	-134.75647878911772	0.1722295156858494	-0.083227421121277331	-0.29366016073299789	0	-0.06412561188894364	0	0	0	success	non_bfb	success	success	418.32499999999999	success	215.47776248212023	-1.1660489033723437e-08	2.2079361028694678e-08	3.8930447051409155e-08	3.0780828225275421e-10	-1.2932624068466363e-08	3.2426495426158497	18.049435901272524	-8.7799361517532211e-09	success	success	215.46777153945715	-1.1660489033723437e-08	2.2079361028694678e-08	3.8930447051409155e-08	3.0780828225275421e-10	-4.9751008017489797e-09	3.3302695508122588	18.542977174625523	-1.5032153903999179e-09	success	215.46805398971173	-1.1660489033723437e-08	2.2079361028694678e-08	3.8930447051409155e-08	3.0780828225275421e-10	5.7674513646650375e-09	3.3278868287459629	18.529549142314018	4.9158543118157298e-09	success	215.46514295870256	-1.1660489033723437e-08	2.2079361028694678e-08	3.8930447051409155e-08	3.0780828225275421e-10	-3.9433066586024371e-09	3.3518993888519959	18.664894330381244	1.7852111437083452e-08	success	215.46495022609616	-1.1660489033723437e-08	2.2079361028694678e-08	3.8930447051409155e-08	3.0780828225275421e-10	1.31700250631928e-08	3.3533028359104597	18.672807581828053	1.4710925157934644e-08	success	215.46514295870256	215.46514295870256	0.94999999999999996	9.1197449365455719e-06	2818643.1727533247	0	1.4645445527086374e-05	0.10000000000000001	0.57847187649169951	0.57846606384711052	11.170941604229377	0	5.0093589446617548	32.02191330558793	1.2965846934396219e-33	3.0702170366672374e-05	55.102948391279298	9.2458159151884698e-42	0	2.644171648072781e-29	9.8842465911218038e-32	2.6493209290212996e-29	0-(0)->1	nan	nan	nan	nan	nan	nan	nan	nan	nan	nan	nan	nan	nan	nan	nan	nan	nan	nan	nan	nan	nan	nan	nan	nan	nan	nan	nan	nan	nan	nan	nan	nan	nan	nan	nan	nan	nan	nan	nan	nan	nan	nan	nan	nan	nan	nan	nan	nan	nan	nan	nan	nan	nan	nan	nan	nan	nan	nan	nan	nan	nan	nan	nan	nan	nan	nan	nan	nan	nan	nan	nan	nan	nan	nan	nan	nan	nan	nan	nan	nan	nan	nan	nan	nan	nan	nan	nan	nan	nan	nan	nan	nan	nan	nan	nan	nan	nan	nan	nan	nan	nan	nan	nan	nan	nan	nan	nan	nan	nan	nan	nan	nan	nan	nan	nan	nan	nan	nan	nan	nan	nan	nan	nan	nan	nan	nan	nan	nan	nan	nan	nan	nan	nan	nan	nan	nan	nan	nan	nan	nan	nan	nan	nan	nan	nan	nan	nan	nan	single_step	2.649320929021300e-29	typeI_mH220-500/random_20260830_123811.md
2.113821392361490e+02	2.880652337159721e+02	2.052424752206707e+02	5.820810202440740e+03	9.979724574330595e-01	6.696412353960524e+00	1.314642907117948e-26	-2.588119219738620e+01	success	0	0	0	true	2.523196925367121e-01	true	1.267053982902343e+01	true	3.293643810000000e-04	3.490736010000000e-09	1.068026408623717e+00	1.973153996100022e-02	true	2.775230117430054e-01	8.035935516678687e+01	2.494489361439079e+00	2.315398383658668e-01	true	true	7.748776098048754e-01	2.767934790777840e-01	1.046300303847102e-01	4.215021642849422e-02	3.898139086872802e+00	2.641796184207987e-01	1.517255333723833e-01	5.015154784251136e-02	CMS:2012qwq	ATLAS:2020tlo	CMS:2019qcx	ATLAS:2021upq	LHC8 [vbfH;HW;Htt;H;HZ]>[bb;tautau;WW;ZZ;gamgam]	LHC13 [ggH>ZZ]	LHC13 [ggH]->X1->Z(X2->[bb])	LHC13 [Hpmtb>tb]	2.516640344936150e+00	true	all checks passed	1	4.163805873257166e+00	2.527704678574488e-01	4.571179460070073e-01	6.375242919472123e-01	-7.127667134440879e-01	5.820810202440740e+03	6.696412353960524e+00	3607.5676320559096	-460.37592113423779	-159.94284066080607	0.91298809491225508	-0.024665787616799696	0.021580812296909547	0	-0.033179673974927805	0	0	0	success	ew_sym_res	success	success	339.642	success	164.26561299563696	-1.5200600369676323e-08	2.0547774053813148e-08	9.4778867245754247e-08	8.9625271153138713e-10	-1.4162966683018081e-09	4.466841416817374	20.766907288884983	-9.023774295355238e-09	success	success	164.25673833348191	-1.5200600369676323e-08	2.0547774053813148e-08	9.4778867245754247e-08	8.9625271153138713e-10	2.042737760940953e-09	4.6343166367975916	21.549536070075209	-3.2181701778300499e-11	success	164.25703117963633	-1.5200600369676323e-08	2.0547774053813148e-08	9.4778867245754247e-08	8.9625271153138713e-10	-1.385906108805196e-09	4.629301965600968	21.526094072552596	8.5679291854656806e-11	success	164.25444445728797	-1.5200600369676323e-08	2.0547774053813148e-08	9.4778867245754247e-08	8.9625271153138713e-10	-1.2571909156362132e-08	4.6742111694814916	21.736041502957882	-5.2894678605836664e-09	success	164.2542721472195	-1.5200600369676323e-08	2.0547774053813148e-08	9.4778867245754247e-08	8.9625271153138713e-10	-7.2187522824726769e-09	4.6770294379653592	21.749218442097995	5.1343567576894861e-09	success	164.25444441236499	164.25444441236499	0.94999999999999996	4.0002952763087698e-05	2402085.5098879384	0	6.3719936412924162e-05	0.10000000000000001	0.57749218820575454	0.57746856800106783	7.2552888985174464	0	3.256107100650262	20.758662759137437	1.7601590382152724e-31	8.7180619773376923e-05	35.817178107152884	4.6315865231552236e-39	0	1.3106686292356641e-26	7.6174796918563566e-29	1.3146429071179478e-26	0-(0)->1	nan	nan	nan	nan	nan	nan	nan	nan	nan	nan	nan	nan	nan	nan	nan	nan	nan	nan	nan	nan	nan	nan	nan	nan	nan	nan	nan	nan	nan	nan	nan	nan	nan	nan	nan	nan	nan	nan	nan	nan	nan	nan	nan	nan	nan	nan	nan	nan	nan	nan	nan	nan	nan	nan	nan	nan	nan	nan	nan	nan	nan	nan	nan	nan	nan	nan	nan	nan	nan	nan	nan	nan	nan	nan	nan	nan	nan	nan	nan	nan	nan	nan	nan	nan	nan	nan	nan	nan	nan	nan	nan	nan	nan	nan	nan	nan	nan	nan	nan	nan	nan	nan	nan	nan	nan	nan	nan	nan	nan	nan	nan	nan	nan	nan	nan	nan	nan	nan	nan	nan	nan	nan	nan	nan	nan	nan	nan	nan	nan	nan	nan	nan	nan	nan	nan	nan	nan	nan	nan	nan	nan	nan	nan	nan	nan	nan	nan	nan	single_step	1.314642907117948e-26	typeI_mH125-220/random_20260823_003839.md
2.083270000000000e+02	4.541570000000000e+02	4.612270000000000e+02	6.182560000000000e+03	9.978790000000000e-01	6.743430000000000e+00	1.174913403396394e-04	-3.929994141743753e+00	success	0	0	0	true	2.510950355878981e-01	true	1.142987307292877e+01	true	3.263733890000000e-04	3.126746140000000e-09	1.418181510651863e+00	1.242485826455405e+00	true	3.011073706770306e+00	8.037655365576798e+01	2.495320691326438e+00	2.314004676861992e-01	true	true	7.749423119347932e-01	1.634524019514742e-01	1.984204885004883e-02	1.787573506957707e-03	3.898464580729438e+00	1.094497610698951e-01	1.786029263606930e-02	1.339629453663895e-03	CMS:2012qwq	CMS:2018amk	ATLAS:2022enb	ATLAS:2021upq	LHC8 [vbfH;HW;Htt;H;HZ]>[bb;tautau;WW;ZZ;gamgam]	LHC13 [vbfH;H]>[ZZ]	LHC13 [H]->X1->Z(X2->[bb])	LHC13 [Hpmtb>tb]	5.442618629303695e+00	true	all checks passed	1	1.168669693256994e+00	2.515436230289519e-01	6.068007230521332e+00	-2.918131116314976e+00	-2.704245040566413e+00	6.182560000000000e+03	6.743430000000000e+00	11046.55946395663	8954.2305687210282	-79.800507547936874	0.40462021140560045	-0.44737137144284506	-0.46627415113717652	0	-0.018771835789430435	0	0	0	success	ew_sym_res	success	success	198.32300000000001	success	125.69458085723366	-8.1087093953070074e-09	9.3799306499206997e-08	-2.0826966197124539e-09	7.3915856950832777e-09	8.0814869708396639e-10	34.74300207531212	212.93495494244843	1.2182440670615652e-09	success	success	112.81128858936191	-8.1087093953070074e-09	9.3799306499206997e-08	-2.0826966197124539e-09	7.3915856950832777e-09	-6.9537438592865462e-10	35.728668690004916	226.15924184325905	-3.5218648936749353e-10	success	113.3758430647124	-8.1087093953070074e-09	9.3799306499206997e-08	-2.0826966197124539e-09	7.3915856950832777e-09	-5.6590262264155752e-11	35.701780370281831	225.72255533108523	-1.5361774163628125e-09	success	111.8136608593089	-8.1087093953070074e-09	9.3799306499206997e-08	-2.0826966197124539e-09	7.3915856950832777e-09	9.5287014146959993e-11	35.773753540335385	226.90766523876096	2.9690336294533183e-11	success	111.6333745146008	-8.1087093953070074e-09	9.3799306499206997e-08	-2.0826966197124539e-09	7.3915856950832777e-09	5.0706539251781322e-10	35.781583501705079	227.03984721052393	-2.0583925435718293e-09	success	111.81366061861466	111.81366061861466	0.94999999999999996	0.0094075360702729535	1566.4884014722284	0	0.014450205588525684	0.10000000000000001	0.57725555939709949	0.57499901041874946	0.0032144227421524942	0	0.0014354977293689032	0.009091461628029809	3.7042700072244733e-18	8.8346726672821174e-06	0.015790475023057936	3.0827927373267411e-23	0	0.00011749031444516591	1.0351495085137322e-09	0.00011749134033963944	0-(0)->1	nan	nan	nan	nan	nan	nan	nan	nan	nan	nan	nan	nan	nan	nan	nan	nan	nan	nan	nan	nan	nan	nan	nan	nan	nan	nan	nan	nan	nan	nan	nan	nan	nan	nan	nan	nan	nan	nan	nan	nan	nan	nan	nan	nan	nan	nan	nan	nan	nan	nan	nan	nan	nan	nan	nan	nan	nan	nan	nan	nan	nan	nan	nan	nan	nan	nan	nan	nan	nan	nan	nan	nan	nan	nan	nan	nan	nan	nan	nan	nan	nan	nan	nan	nan	nan	nan	nan	nan	nan	nan	nan	nan	nan	nan	nan	nan	nan	nan	nan	nan	nan	nan	nan	nan	nan	nan	nan	nan	nan	nan	nan	nan	nan	nan	nan	nan	nan	nan	nan	nan	nan	nan	nan	nan	nan	nan	nan	nan	nan	nan	nan	nan	nan	nan	nan	nan	nan	nan	nan	nan	nan	nan	nan	nan	nan	nan	nan	nan	single_step	1.174913403396394e-04	typeI_mH125-220/random_20260822_062803.md
1.840340000000000e+02	2.172480000000000e+02	2.254560000000000e+02	3.256250000000000e+03	9.954220000000000e-01	1.015630000000000e+01	2.885276750755963e-26	-2.553981252373469e+01	success	0	0	0	true	2.548963261083412e-01	true	4.958823216176100e+00	true	3.266018430000000e-04	3.124482100000000e-09	1.389688191126457e+00	1.259951286806300e+00	true	1.548163027600067e-01	8.036316235275400e+01	2.494610782149039e+00	2.314883965824299e-01	true	true	7.708370363615149e-01	3.489557983931004e-02	1.408996754551881e-01	3.958003753204246e-02	3.877812370661567e+00	2.824563436455708e-02	1.953093463056352e-01	2.268766350501385e-02	CMS:2012qwq	CMS:2013yea	CMS:2019qcx	ATLAS:2021upq	LHC8 [vbfH;HW;Htt;H;HZ]>[bb;tautau;WW;ZZ;gamgam]	LHC8 [vbfH>WW]	LHC13 [ggH]->X1->Z(X2->[bb])	LHC13 [Hpmtb>tb]	4.321095753761767e+00	true	all checks passed	1	1.371589934915599e+00	2.553517046481648e-01	1.120625794814179e+00	-3.482063699978685e-01	-2.281153384690166e-01	3.256250000000000e+03	1.015630000000000e+01	1719.6352149493453	-441.72732539594199	19.084476195007152	-0.4673855202214855	-0.019019384822731959	0.017202638623432687	0	0.0015463634913186082	0	0	0	success	ew_sym_res	success	success	158.608	success	154.67496858148223	-1.8755940034368766e-08	-2.5248635207480419e-08	-1.220043514571302e-09	-1.8755873225820733e-08	-5.66974600518817e-09	3.1341976753280276	20.915330998543759	-4.4973312332114077e-09	success	success	154.66699011816129	-1.8755940034368766e-08	-2.5248635207480419e-08	-1.220043514571302e-09	-1.8755873225820733e-08	3.6068903485791509e-09	3.2562341026171606	21.73468391568197	2.5762517189421904e-08	success	154.66726206548867	-1.8755940034368766e-08	-2.5248635207480419e-08	-1.220043514571302e-09	-1.8755873225820733e-08	-5.5267792101982415e-09	3.2523323834219884	21.708478312660102	-8.4468014400258081e-09	success	154.66492521788791	-1.8755940034368766e-08	-2.5248635207480419e-08	-1.220043514571302e-09	-1.8755873225820733e-08	8.5249749081539599e-09	3.2852337517360612	21.92947821176864	-6.704874235691519e-09	success	154.6647695112932	-1.8755940034368766e-08	-2.5248635207480419e-08	-1.220043514571302e-09	-1.8755873225820733e-08	-1.607946650306074e-08	3.2873599359168617	21.94376154666687	-1.3461163380017698e-08	success	154.66492521788791	154.66492521788791	0.94999999999999996	5.2119688211678842e-05	2499664.0121809668	0	8.2803812973761579e-05	0.10000000000000001	0.57717933334870941	0.57714909124815172	7.107695046434336	0	3.1937780221074292	20.343849577562665	3.6396533103013853e-31	0.00011126683856789232	35.131558243181722	1.2235623373828227e-38	0	2.8745628087224787e-26	2.0516398073289413e-28	2.8852767507559631e-26	0-(0)->1	nan	nan	nan	nan	nan	nan	nan	nan	nan	nan	nan	nan	nan	nan	nan	nan	nan	nan	nan	nan	nan	nan	nan	nan	nan	nan	nan	nan	nan	nan	nan	nan	nan	nan	nan	nan	nan	nan	nan	nan	nan	nan	nan	nan	nan	nan	nan	nan	nan	nan	nan	nan	nan	nan	nan	nan	nan	nan	nan	nan	nan	nan	nan	nan	nan	nan	nan	nan	nan	nan	nan	nan	nan	nan	nan	nan	nan	nan	nan	nan	nan	nan	nan	nan	nan	nan	nan	nan	nan	nan	nan	nan	nan	nan	nan	nan	nan	nan	nan	nan	nan	nan	nan	nan	nan	nan	nan	nan	nan	nan	nan	nan	nan	nan	nan	nan	nan	nan	nan	nan	nan	nan	nan	nan	nan	nan	nan	nan	nan	nan	nan	nan	nan	nan	nan	nan	nan	nan	nan	nan	nan	nan	nan	nan	nan	nan	nan	nan	single_step	2.885276750755963e-26	typeI_mH125-220/random_20260823_011757.md
6.981710000000000e+01	3.028840000000000e+02	2.875440000000000e+02	5.003310000000000e+02	1.258720000000000e-01	5.961060000000000e+00	2.417979311722023e-08	-7.616547419291377e+00	success	0	0	0	true	2.484150682656580e-01	true	8.139065286259402e+00	true	3.248703170000000e-04	3.145426040000000e-09	1.612857622383632e+00	1.103035637456379e+00	true	6.592115794379083e+00	8.034114077681168e+01	2.493461981228665e+00	2.315546967148128e-01	true	true	8.077023414337682e-01	7.259526397315313e-01	8.077023414337682e-01	4.835647793117005e-03	7.567297221127943e-01	3.652014620565136e+00	7.567297221127943e-01	3.361130633880022e-03	CMS:2019ogx	CMS:2012qwq	CMS:2019ogx	ATLAS:2021upq	LHC13 [H]->X1->Z(X2->[bb])	LHC8 [vbfH;HW;Htt;H;HZ]>[bb;tautau;WW;ZZ;gamgam]	LHC13 [H]->X1->Z(X2->[bb])	LHC13 [Hpmtb>tb]	4.144520243860313e+00	true	all checks passed	1	1.681496377884104e+00	2.488588678793444e-01	2.982413027008101e+00	-1.165938761294518e+00	-1.465270029719398e+00	5.003310000000000e+02	5.961060000000000e+00	5519.8384611604688	1556.1163757728823	316.21498695202763	-1.0941329470242371	-0.054391638295824225	0.019771187391453955	0	-0.015612759390146622	0	0	0	success	ew_sym_res	success	success	247.81299999999999	success	131.68599408743518	5.5127399420059743e-07	1.2527033432616185e-06	5.5131542916713281e-07	5.5127399420059765e-07	-1.175176449658414e-10	90.688340451990868	111.84567853922086	-1.6379501576311629e-10	success	success	128.30176917373501	5.5127399420059743e-07	1.2527033432616185e-06	5.5131542916713281e-07	5.5127399420059765e-07	1.5133337810746736e-10	88.81770099703418	132.26529177038762	-2.1658373097359469e-10	success	128.4418282757411	5.5127399420059743e-07	1.2527033432616185e-06	5.5131542916713281e-07	5.5127399420059765e-07	3.9546063206889101e-10	88.962434607024491	131.47648100843898	2.5120627539207715e-10	success	127.91356326247629	5.5127399420059743e-07	1.2527033432616185e-06	5.5131542916713281e-07	5.5127399420059765e-07	-1.6489660650168792e-10	88.393963098262788	134.43011043710413	3.348897206678629e-10	success	127.86710503163056	5.5127399420059743e-07	1.2527033432616185e-06	5.5131542916713281e-07	5.5127399420059765e-07	9.7308250210622889e-11	88.341115214964276	134.68714390568124	-1.0468538621708488e-10	success	127.91355636587713	127.91355636587713	0.94999999999999996	0.0034631249542940667	5903.7657817557129	0	0.0054037568511684274	0.10000000000000001	0.57735113413619743	0.57566910895339252	0.013872157387171851	0	0.0074004007301590085	0.046952982386749602	1.077269598143831e-20	1.6948558802509159e-05	0.081404408031749101	2.910989397080227e-26	0	2.4179616025430737e-08	2.0981767354441406e-13	2.417979311722023e-08	0-(0)->1	nan	nan	nan	nan	nan	nan	nan	nan	nan	nan	nan	nan	nan	nan	nan	nan	nan	nan	nan	nan	nan	nan	nan	nan	nan	nan	nan	nan	nan	nan	nan	nan	nan	nan	nan	nan	nan	nan	nan	nan	nan	nan	nan	nan	nan	nan	nan	nan	nan	nan	nan	nan	nan	nan	nan	nan	nan	nan	nan	nan	nan	nan	nan	nan	nan	nan	nan	nan	nan	nan	nan	nan	nan	nan	nan	nan	nan	nan	nan	nan	nan	nan	nan	nan	nan	nan	nan	nan	nan	nan	nan	nan	nan	nan	nan	nan	nan	nan	nan	nan	nan	nan	nan	nan	nan	nan	nan	nan	nan	nan	nan	nan	nan	nan	nan	nan	nan	nan	nan	nan	nan	nan	nan	nan	nan	nan	nan	nan	nan	nan	nan	nan	nan	nan	nan	nan	nan	nan	nan	nan	nan	nan	nan	nan	nan	nan	nan	nan	single_step	2.417979311722023e-08	typeI_mH62-125/random_20260816_190708.md
6.932599999999999e+01	3.266950000000000e+02	3.115720000000000e+02	4.563270000000000e+02	1.733650000000000e-01	6.090060000000000e+00	1.798028877288666e-07	-6.745203337549169e+00	success	0	0	0	true	2.433784023919197e-01	true	9.601147287777032e+00	true	3.251895760000000e-04	3.141428740000000e-09	1.570460640054783e+00	1.132178626611028e+00	true	7.422879806379221e+00	8.033975321496307e+01	2.493381518662196e+00	2.315594951219981e-01	true	true	8.232233521838752e-01	7.059565381925997e-01	8.232233521838752e-01	4.169920437076079e-03	1.066245819523076e+00	3.551421205543615e+00	1.066245819523076e+00	2.585102204211553e-03	CMS:2019ogx	CMS:2012qwq	CMS:2019ogx	ATLAS:2021upq	LHC13 [H]->X1->Z(X2->[bb])	LHC8 [vbfH;HW;Htt;H;HZ]>[bb;tautau;WW;ZZ;gamgam]	LHC13 [H]->X1->Z(X2->[bb])	LHC13 [Hpmtb>tb]	4.735355393322266e+00	true	all checks passed	1	2.020301182250766e+00	2.438132038784610e-01	3.510066084747868e+00	-1.397491749780765e+00	-1.716498684839261e+00	4.563270000000000e+02	6.090060000000000e+00	7663.0571169256928	2594.4367984534947	423.48261551778552	-1.5749497137138904	-0.085776288133480191	-0.011300015996710532	0	-0.014477042573853925	0	0	0	success	ew_sym_res	success	success	184.38999999999999	success	148.31644063487681	-1.5756688581173796e-09	-1.1322609301771541e-08	5.9674142135802934e-09	-1.5756688581172737e-09	-5.519029634860066e-11	153.91694539427175	41.360090677492636	1.9746539992949011e-10	success	success	137.22532885028676	-1.5756688581173796e-09	-1.1322609301771541e-08	5.9674142135802934e-09	-1.5756688581172737e-09	-1.4944975596689429e-10	160.21864775113457	53.566078271467077	-1.0470121413287023e-10	success	137.6765650801004	-1.5756688581173796e-09	-1.1322609301771541e-08	5.9674142135802934e-09	-1.5756688581172737e-09	4.3552418456045061e-11	160.0657219726281	52.984594699732831	-3.6782212495609534e-11	success	136.22983515036523	-1.5756688581173796e-09	-1.1322609301771541e-08	5.9674142135802934e-09	-1.5756688581172737e-09	-9.3868628396621353e-13	160.52629281607207	54.881961408261631	-1.1958545548097791e-10	success	136.06817651267372	-1.5756688581173796e-09	-1.1322609301771541e-08	5.9674142135802934e-09	-1.5756688581172737e-09	9.3354490592919509e-12	160.57236568300371	55.100101713750369	-1.6292895151998119e-10	success	136.22991545996624	136.22991545996624	0.94999999999999996	0.0019792845126464665	2125.380128710598	0	0.0031204211847514329	0.10000000000000001	0.57730536762426798	0.57662082588683905	0.0053202268750596506	0	0.0023831538431589271	0.01515882719207865	1.0645833569834533e-20	3.1378320538048155e-06	0.026214692274748201	3.4782363026682222e-26	0	1.7980215810471268e-07	7.5057829069901322e-13	1.7980288772886661e-07	0-(0)->1	nan	nan	nan	nan	nan	nan	nan	nan	nan	nan	nan	nan	nan	nan	nan	nan	nan	nan	nan	nan	nan	nan	nan	nan	nan	nan	nan	nan	nan	nan	nan	nan	nan	nan	nan	nan	nan	nan	nan	nan	nan	nan	nan	nan	nan	nan	nan	nan	nan	nan	nan	nan	nan	nan	nan	nan	nan	nan	nan	nan	nan	nan	nan	nan	nan	nan	nan	nan	nan	nan	nan	nan	nan	nan	nan	nan	nan	nan	nan	nan	nan	nan	nan	nan	nan	nan	nan	nan	nan	nan	nan	nan	nan	nan	nan	nan	nan	nan	nan	nan	nan	nan	nan	nan	nan	nan	nan	nan	nan	nan	nan	nan	nan	nan	nan	nan	nan	nan	nan	nan	nan	nan	nan	nan	nan	nan	nan	nan	nan	nan	nan	nan	nan	nan	nan	nan	nan	nan	nan	nan	nan	nan	nan	nan	nan	nan	nan	nan	single_step	1.798028877288666e-07	typeI_mH62-125/random_20260819_104213.md
6.490860000000001e+01	2.843480000000000e+02	2.816550000000000e+02	4.987840000000000e+02	1.233620000000000e-01	5.433190000000000e+00	9.709682379927764e-07	-6.012794976363964e+00	success	0	0	0	true	2.472739585483303e-01	true	7.055129358595901e+00	true	3.241997940000000e-04	3.153674040000000e-09	1.703740215076007e+00	1.044103145896807e+00	true	2.853438526528332e-01	8.036140447063789e+01	2.494650615368327e+00	2.314397601151909e-01	true	true	7.574026278048852e-01	7.243165030390114e-01	7.574026278048852e-01	6.651371748796432e-03	7.784874970541114e-01	3.643783787318858e+00	7.784874970541114e-01	4.830370346776950e-03	CMS:2019ogx	CMS:2012qwq	CMS:2019ogx	ATLAS:2021upq	LHC13 [H]->X1->Z(X2->[bb])	LHC8 [vbfH;HW;Htt;H;HZ]>[bb;tautau;WW;ZZ;gamgam]	LHC13 [H]->X1->Z(X2->[bb])	LHC13 [Hpmtb>tb]	3.980392215510619e+00	true	all checks passed	1	1.279342026474285e+00	2.477157195415124e-01	2.879487563180657e+00	-1.239399523217704e+00	-1.289774501041751e+00	4.987840000000000e+02	5.433190000000000e+00	5084.2771050809979	1225.8116478188997	393.75184180333872	-1.0640463130458628	-0.045321228813083092	0.025555109103457922	0	-0.003808885484269304	0	0	0	success	ew_sym_res	success	success	463.10199999999998	success	158.18234699063788	-2.0170103625676032e-09	9.0177893502211086e-09	-7.1596209842584957e-09	-2.0169345318984251e-09	-5.3613857862014642e-11	206.70381440461387	25.504982269688593	1.0531304856023673e-10	success	success	147.11311292092731	-2.0170103625676032e-09	9.0177893502211086e-09	-7.1596209842584957e-09	-2.0169345318984251e-09	-6.7128222155707341e-11	221.0420655225451	27.726173904565012	1.901058031444043e-10	success	147.55461707077549	-2.0170103625676032e-09	9.0177893502211086e-09	-7.1596209842584957e-09	-2.0169345318984251e-09	3.5216940105934546e-11	220.59893264105162	27.635533105377895	7.0021754015812409e-11	success	146.08053069147746	-2.0170103625676032e-09	9.0177893502211086e-09	-7.1596209842584957e-09	-2.0169345318984251e-09	-3.6232249767273427e-11	222.0481112053854	27.939059024933098	5.069558985549433e-11	success	145.91750627417468	-2.0170103625676032e-09	9.0177893502211086e-09	-7.1596209842584957e-09	-2.0169345318984251e-09	7.8868092047032797e-11	222.20318870818139	27.972787296309086	5.4597597573067891e-11	success	146.08134708586695	146.08134708586695	0.94999999999999996	0.0034035851878829429	2251.5244610887144	0	0.0053341362222141826	0.10000000000000001	0.57744836305433878	0.57619738618972483	0.0060453943049114068	0	0.0027012647852892092	0.017162811676640879	6.8937904149524597e-20	6.0936283350671769e-06	0.029713912638181302	2.6822437278586735e-25	0	9.7096327026204051e-07	5.1518337617775494e-12	9.7096823799277638e-07	0-(0)->1	true_lower	102.57729704531198	-2.0170103625676032e-09	9.0177893502211086e-09	-7.1596209842584957e-09	-2.0169345318984251e-09	-7.8884933839159753e-10	87.742713242423889	192.37410979566661	-5.4913416073112888e-10	failure	nan	nan	nan	nan	nan	nan	nan	nan	nan	nan	nan	nan	nan	nan	nan	nan	nan	nan	nan	nan	nan	nan	nan	nan	nan	nan	nan	nan	nan	nan	nan	nan	nan	nan	nan	nan	nan	nan	nan	nan	not_set	nan	nan	nan	nan	nan	nan	nan	nan	nan	nan	nan	nan	nan	nan	nan	nan	nan	nan	nan	nan	nan	nan	success	70.806704069427894	3.8916205336304679e-12	243.63301086104849	50.023708689238674	-4.3609718038816546e-11	-1.5865104736464787e-10	48.601277512574931	235.00218345667605	1.4322144576209305e-10	success	not_met	nan	nan	nan	nan	nan	nan	nan	nan	nan	not_met	nan	nan	nan	nan	nan	nan	nan	nan	nan	not_met	nan	nan	nan	nan	nan	nan	nan	nan	nan	not_met	nan	nan	nan	nan	nan	nan	nan	nan	nan	not_set	nan	nan	nan	nan	nan	nan	nan	nan	nan	nan	nan	nan	nan	nan	nan	nan	nan	nan	nan	nan	nan	nan	single_step	9.709682379927764e-07	typeI_mH62-125/random_20260816_190714.md
1.016300000000000e+02	2.601090000000000e+02	2.689010000000000e+02	6.398120000000000e+02	1.281460000000000e-01	4.310080000000000e+00	7.362985426871825e-12	-1.113294605909622e+01	success	0	0	0	true	2.578170164424431e-01	true	9.533255907866447e+00	true	3.218264170000000e-04	3.182922250000000e-09	2.045439371351496e+00	8.481631931636444e-01	true	2.580785506869897e+00	8.037570078843721e+01	2.495133136206342e+00	2.313921907358797e-01	true	true	7.483080048196489e-01	7.145523842311283e-01	7.483080048196489e-01	2.505300207098030e-02	9.184029472218869e-01	3.594663909944335e+00	9.184029472218869e-01	1.735750225091841e-02	CMS:2019ogx	CMS:2012qwq	CMS:2019ogx	ATLAS:2021upq	LHC13 [H]->X1->Z(X2->[bb])	LHC8 [vbfH;HW;Htt;H;HZ]>[bb;tautau;WW;ZZ;gamgam]	LHC13 [H]->X1->Z(X2->[bb])	LHC13 [Hpmtb>tb]	3.426652580396023e+00	true	all checks passed	1	2.657868233795626e+00	2.582776128672002e-01	2.471689970637337e+00	-1.223688236359776e+00	-1.069974973090558e+00	6.398120000000000e+02	4.310080000000000e+00	4953.8954283476887	631.62886593461724	374.42716413307602	-0.30715844109985185	-0.034335697044632497	0.021474997358210231	0	0.0044023467810080158	0	0	0	success	ew_sym_res	success	success	204.441	success	141.22881765386376	-1.0548226151082271e-09	-2.3931570922663964e-08	-1.5777329470224569e-09	-1.0548226151082271e-09	-2.1319172576331786e-09	41.600080935487917	110.2637289828504	2.6075036635260903e-09	success	success	140.39797421300239	-1.0548226151082271e-09	-2.3931570922663964e-08	-1.5777329470224569e-09	-1.0548226151082271e-09	-1.2237230453713483e-09	44.092244654883018	118.64653089556576	3.5124310967260158e-09	success	140.42936738116759	-1.0548226151082271e-09	-2.3931570922663964e-08	-1.5777329470224569e-09	-1.0548226151082271e-09	-2.0370943457679146e-09	44.014094416669302	118.3712406537268	1.23850756484908e-09	success	140.27927268386645	-1.0548226151082271e-09	-2.3931570922663964e-08	-1.5777329470224569e-09	-1.0548226151082271e-09	2.9714361054396466e-09	44.379419376358385	119.66576256961073	1.5000628320958328e-09	success	140.26636675504108	-1.0548226151082271e-09	-2.3931570922663964e-08	-1.5777329470224569e-09	-1.0548226151082271e-09	-2.18972824554813e-09	44.409883476924996	119.77459986430625	1.9472118450852168e-09	success	140.27927575476241	140.27927575476241	0.94999999999999996	0.0018072565599171766	27519.059087287809	0	0.0028446430157855617	0.10000000000000001	0.57740612375248235	0.57638504683601588	0.070942091492956563	0	0.031655690583945566	0.20122927227667012	1.1526821086411665e-22	3.8030300994545233e-05	0.34821259642340124	1.4487822920382451e-28	0	7.3628338420888287e-12	2.4505000575124176e-16	7.3629854268718254e-12	0-(0)->1	nan	nan	nan	nan	nan	nan	nan	nan	nan	nan	nan	nan	nan	nan	nan	nan	nan	nan	nan	nan	nan	nan	nan	nan	nan	nan	nan	nan	nan	nan	nan	nan	nan	nan	nan	nan	nan	nan	nan	nan	nan	nan	nan	nan	nan	nan	nan	nan	nan	nan	nan	nan	nan	nan	nan	nan	nan	nan	nan	nan	nan	nan	nan	nan	nan	nan	nan	nan	nan	nan	nan	nan	nan	nan	nan	nan	nan	nan	nan	nan	nan	nan	nan	nan	nan	nan	nan	nan	nan	nan	nan	nan	nan	nan	nan	nan	nan	nan	nan	nan	nan	nan	nan	nan	nan	nan	nan	nan	nan	nan	nan	nan	nan	nan	nan	nan	nan	nan	nan	nan	nan	nan	nan	nan	nan	nan	nan	nan	nan	nan	nan	nan	nan	nan	nan	nan	nan	nan	nan	nan	nan	nan	nan	nan	nan	nan	nan	nan	single_step	7.362985426871825e-12	typeI_mH62-125/random_20260901_123420.md
1.534041717923998e+02	4.370342713759793e+02	4.269316527631221e+02	2.448686786685661e+03	9.961214740837390e-01	9.020179760531374e+00	0.000000000000000e+00	-1.000000000000000e+30	tracing_not_set_coex_not_set	119	249	0	true	2.564362187550297e-01	true	1.242868764600119e+01	true	3.315422510000000e-04	3.461189380000000e-09	8.442465378033275e-01	1.488730377935782e-03	true	5.359467765744931e+00	8.034277582967368e+01	2.493404908314976e+00	2.315776738071815e-01	true	true	7.723736823962044e-01	3.563681746784857e-02	1.893116967119523e-02	5.181307149322507e-04	3.885542701096614e+00	2.896421818351461e-02	2.834083298722440e-02	3.683885878679031e-04	CMS:2012qwq	CMS:2013yea	ATLAS:2020gxx	ATLAS:2021upq	LHC8 [vbfH;HW;Htt;H;HZ]>[bb;tautau;WW;ZZ;gamgam]	LHC8 [vbfH>WW]	LHC13 [ggH]->X1->Z(X2->[bb])	LHC13 [Hpmtb>tb]	6.109930191856364e+00	true	all checks passed	1	1.961655329784750e+00	2.568943483508438e-01	5.627798901760947e+00	-2.498236091045600e+00	-2.786699248758668e+00	2.448686786685661e+03	9.020179760531374e+00	15021.81537027852	8397.438363498979	265.12427273062718	-3.4364129050170087	-0.37029227181925783	-0.41139527706829598	0	0.014231178294433501	0	0	0	no_nlo_stability	not_set	not_set	not_set	0.878	nan	nan	nan	nan	nan	nan	nan	nan	nan	nan	nan	nan	nan	nan	nan	nan	nan	nan	nan	nan	nan	nan	nan	nan	nan	nan	nan	nan	nan	nan	nan	nan	nan	nan	nan	nan	nan	nan	nan	nan	nan	nan	nan	nan	nan	nan	nan	nan	nan	nan	nan	nan	nan	nan	nan	nan	nan	nan	nan	nan	nan	nan	nan	nan	nan	nan	nan	nan	nan	nan	nan	nan	nan	nan	not_set	nan	nan	nan	nan	nan	nan	nan	nan	nan	nan	nan	nan	nan	nan	nan	nan	nan	nan	nan	nan	nan	nan	nan	nan	nan	nan	nan	nan	nan	nan	nan	nan	nan	nan	nan	nan	nan	nan	nan	nan	nan	nan	nan	nan	nan	nan	nan	nan	nan	nan	nan	nan	nan	nan	nan	nan	nan	nan	nan	nan	nan	nan	nan	nan	nan	nan	nan	nan	nan	nan	nan	nan	nan	nan	nan	nan	nan	nan	nan	nan	nan	nan	nan	nan	nan	nan	nan	nan	nan	nan	nan	nan	nan	nan	nan	nan	nan	nan	nan	nan	nan	nan	nan	nan	nan	nan	nan	nan	nan	nan	nan	nan	nan	nan	nan	nan	nan	nan	nan	nan	nan	nan	nan	nan	nan	nan	nan	nan	nan	nan	nan	nan	nan	nan	nan	nan	nan	nan	nan	nan	nan	nan	nan	nan	nan	nan	nan	nan	needs_multistep_run	0.000000000000000e+00	async_mcmc_20260903_115445.md
3.503528206799445e+02	5.272458636828584e+02	3.547831815973114e+02	1.439706451565180e+04	9.986022652293713e-01	7.973871059729826e+00	0.000000000000000e+00	-1.000000000000000e+30	tracing_not_set_coex_not_set	0	0	0	true	2.407956676844388e-01	true	2.458246114711127e+01	true	3.310615820000000e-04	3.467504900000000e-09	8.913762890380178e-01	3.643537740903817e-03	true	2.983626174450996e+00	8.034837991419663e+01	2.493916998603084e+00	2.315997701668429e-01	true	true	7.720285080212271e-01	1.579995333465359e-01	4.873190772775969e-03	4.412179575105855e-02	3.883806249164257e+00	1.836514173760799e-01	8.414435593477175e-03	3.162236993603659e-02	CMS:2012qwq	CMS:2024phk	ATLAS:2022enb	CMS:2020imj	LHC8 [vbfH;HW;Htt;H;HZ]>[bb;tautau;WW;ZZ;gamgam]	LHC13 [H]->X1->(X2->[bb])(X3->[bb; tautau; gamgam; WW])	LHC13 [H]->X1->Z(X2->[bb])	LHC13 [Hpmtb>tb]	1.801890685487621e+00	true	all checks passed	1	7.891131805217334e+00	2.412258550520643e-01	1.206078763715934e+00	2.360563406480584e+00	-2.666771342226285e+00	1.439706451565180e+04	7.973871059729826e+00	29790.637009256796	2728.5598900500163	2025.6041083804723	-18.325852261389862	-0.2216348492940062	-0.73157752262490694	0	0.51641452196461535	0	0	0	no_nlo_stability	not_set	not_set	not_set	0.73699999999999999	nan	nan	nan	nan	nan	nan	nan	nan	nan	nan	nan	nan	nan	nan	nan	nan	nan	nan	nan	nan	nan	nan	nan	nan	nan	nan	nan	nan	nan	nan	nan	nan	nan	nan	nan	nan	nan	nan	nan	nan	nan	nan	nan	nan	nan	nan	nan	nan	nan	nan	nan	nan	nan	nan	nan	nan	nan	nan	nan	nan	nan	nan	nan	nan	nan	nan	nan	nan	nan	nan	nan	nan	nan	nan	not_set	nan	nan	nan	nan	nan	nan	nan	nan	nan	nan	nan	nan	nan	nan	nan	nan	nan	nan	nan	nan	nan	nan	nan	nan	nan	nan	nan	nan	nan	nan	nan	nan	nan	nan	nan	nan	nan	nan	nan	nan	nan	nan	nan	nan	nan	nan	nan	nan	nan	nan	nan	nan	nan	nan	nan	nan	nan	nan	nan	nan	nan	nan	nan	nan	nan	nan	nan	nan	nan	nan	nan	nan	nan	nan	nan	nan	nan	nan	nan	nan	nan	nan	nan	nan	nan	nan	nan	nan	nan	nan	nan	nan	nan	nan	nan	nan	nan	nan	nan	nan	nan	nan	nan	nan	nan	nan	nan	nan	nan	nan	nan	nan	nan	nan	nan	nan	nan	nan	nan	nan	nan	nan	nan	nan	nan	nan	nan	nan	nan	nan	nan	nan	nan	nan	nan	nan	nan	nan	nan	nan	nan	nan	nan	nan	nan	nan	nan	nan	needs_multistep_run	0.000000000000000e+00	random_20260902_020759.md
3.828072474710810e+02	4.697971559101852e+02	3.884514883567659e+02	1.022304398179166e+04	9.960056627252484e-01	1.426710045259313e+01	0.000000000000000e+00	-1.000000000000000e+30	tracing_not_set_coex_not_set	0	0	0	true	2.479437147548248e-01	true	1.154224210965423e+01	true	3.320433880000000e-04	3.454754010000000e-09	7.964728269211782e-01	2.687349712259549e-04	true	1.723131335496323e+00	8.035195942235013e+01	2.494091852253825e+00	2.315689316863453e-01	true	true	7.675604141419617e-01	7.486421985101957e-02	2.530999745248213e-01	6.939622677076155e-03	3.861328826698834e+00	7.973019060249802e-02	2.966875865811426e-01	4.636653141996215e-03	CMS:2012qwq	ATLAS:2020tlo	ATLAS:2022enb	ATLAS:2021upq	LHC8 [vbfH;HW;Htt;H;HZ]>[bb;tautau;WW;ZZ;gamgam]	LHC13 [vbfH>ZZ]	LHC13 [H]->X1->Z(X2->[bb])	LHC13 [Hpmtb>tb]	3.502890070834098e+00	true	all checks passed	1	2.159085497251402e+00	2.483866722839007e-01	3.167494010922406e+00	1.082193010509957e+00	-1.225124356623105e+00	1.022304398179166e+04	1.426710045259313e+01	11707.88283544458	4510.8416084805076	360.48084199787195	-17.978916752540187	-0.22739456148675685	-0.30968609639191741	0	0.17930037628635573	0	0	0	no_nlo_stability	not_set	not_set	not_set	1.9610000000000001	nan	nan	nan	nan	nan	nan	nan	nan	nan	nan	nan	nan	nan	nan	nan	nan	nan	nan	nan	nan	nan	nan	nan	nan	nan	nan	nan	nan	nan	nan	nan	nan	nan	nan	nan	nan	nan	nan	nan	nan	nan	nan	nan	nan	nan	nan	nan	nan	nan	nan	nan	nan	nan	nan	nan	nan	nan	nan	nan	nan	nan	nan	nan	nan	nan	nan	nan	nan	nan	nan	nan	nan	nan	nan	not_set	nan	nan	nan	nan	nan	nan	nan	nan	nan	nan	nan	nan	nan	nan	nan	nan	nan	nan	nan	nan	nan	nan	nan	nan	nan	nan	nan	nan	nan	nan	nan	nan	nan	nan	nan	nan	nan	nan	nan	nan	nan	nan	nan	nan	nan	nan	nan	nan	nan	nan	nan	nan	nan	nan	nan	nan	nan	nan	nan	nan	nan	nan	nan	nan	nan	nan	nan	nan	nan	nan	nan	nan	nan	nan	nan	nan	nan	nan	nan	nan	nan	nan	nan	nan	nan	nan	nan	nan	nan	nan	nan	nan	nan	nan	nan	nan	nan	nan	nan	nan	nan	nan	nan	nan	nan	nan	nan	nan	nan	nan	nan	nan	nan	nan	nan	nan	nan	nan	nan	nan	nan	nan	nan	nan	nan	nan	nan	nan	nan	nan	nan	nan	nan	nan	nan	nan	nan	nan	nan	nan	nan	nan	nan	nan	nan	nan	nan	nan	needs_multistep_run	0.000000000000000e+00	random_20260830_123811.md
3.055380000000000e+02	5.441750000000000e+02	5.476310000000000e+02	1.291710000000000e+04	9.948930000000000e-01	6.713070000000000e+00	0.000000000000000e+00	-1.000000000000000e+30	tracing_success_coex_no_coex_pair	0	0	0	true	2.338757440459950e-01	true	2.205879376264792e+01	true	3.312016560000000e-04	3.465411170000000e-09	8.775098314192133e-01	2.824068499035707e-03	true	6.395926102041324e-01	8.036811758263728e+01	2.494876154835471e+00	2.314517224753781e-01	true	true	7.673526524099511e-01	5.970458644071023e-02	3.785190980731978e-02	1.905426894005504e-03	1.255408712552752e+00	6.898566407823975e-02	5.215327628376838e-02	1.519873094229928e-03	ATLAS:2014vuz	ATLAS:2020tlo	ATLAS:2022enb	ATLAS:2021upq	LHC8 [HW;HZ]>[bb]	LHC13 [vbfH>ZZ]	LHC13 [H]->X1->Z(X2->[bb])	LHC13 [Hpmtb>tb]	6.071499330635390e+00	true	all checks passed	1	4.925159937596437e+00	2.342935688002778e-01	8.035116791899718e+00	-3.553364819185487e+00	-3.428661218947534e+00	1.291710000000000e+04	6.713070000000000e+00	13772.338686389965	14953.430289776754	-1791.4533667061642	9.7635141857914149	-0.9842811167760035	-1.6364857237253436	0	-0.031958842483181218	0	1.862645149230957e-09	0	success	non_bfb	success	no_coex_pair	15.457000000000001	nan	nan	nan	nan	nan	nan	nan	nan	nan	nan	nan	nan	nan	nan	nan	nan	nan	nan	nan	nan	nan	nan	nan	nan	nan	nan	nan	nan	nan	nan	nan	nan	nan	nan	nan	nan	nan	nan	nan	nan	nan	nan	nan	nan	nan	nan	nan	nan	nan	nan	nan	nan	nan	nan	nan	nan	nan	nan	nan	nan	nan	nan	nan	nan	nan	nan	nan	nan	nan	nan	nan	nan	nan	nan	not_set	nan	nan	nan	nan	nan	nan	nan	nan	nan	nan	nan	nan	nan	nan	nan	nan	nan	nan	nan	nan	nan	nan	nan	nan	nan	nan	nan	nan	nan	nan	nan	nan	nan	nan	nan	nan	nan	nan	nan	nan	nan	nan	nan	nan	nan	nan	nan	nan	nan	nan	nan	nan	nan	nan	nan	nan	nan	nan	nan	nan	nan	nan	nan	nan	nan	nan	nan	nan	nan	nan	nan	nan	nan	nan	nan	nan	nan	nan	nan	nan	nan	nan	nan	nan	nan	nan	nan	nan	nan	nan	nan	nan	nan	nan	nan	nan	nan	nan	nan	nan	nan	nan	nan	nan	nan	nan	nan	nan	nan	nan	nan	nan	nan	nan	nan	nan	nan	nan	nan	nan	nan	nan	nan	nan	nan	nan	nan	nan	nan	nan	nan	nan	nan	nan	nan	nan	nan	nan	nan	nan	nan	nan	nan	nan	nan	nan	nan	nan	needs_multistep_run	0.000000000000000e+00	random_20260826_184030.md
1.053650000000000e+02	4.198630000000000e+02	4.183740000000000e+02	7.078770000000000e+02	8.552129999999999e-02	1.197510000000000e+01	0.000000000000000e+00	-1.000000000000000e+30	tracing_success_coex_no_coex_pair	0	0	0	true	2.564271921569909e-01	true	2.316052795556996e+01	true	3.319186360000000e-04	3.456361670000000e-09	8.082354462617632e-01	4.812228916635212e-04	true	2.649637608788548e-01	8.036117546337346e+01	2.494413135193831e+00	2.314682812520907e-01	true	true	5.961574863541989e-01	7.504790562256403e-01	1.801437631748733e-01	0.000000000000000e+00	5.064969570900197e-01	3.775398470591056e+00	2.838870847877593e-01	0.000000000000000e+00	CMS:2015mca	CMS:2012qwq	ATLAS-CONF-2023-034-Fig5-bot		2d likelihood {LHC8 [ggH>tautau]; LHC8 [bbH>tautau]}	LHC8 [vbfH;HW;Htt;H;HZ]>[bb;tautau;WW;ZZ;gamgam]	LHC13 [ggH]->X1->Z(X2->[bb])		4.487982941428754e+00	true	all checks passed	1	6.568615888847430e+00	2.568853056265661e-01	5.793142939084503e+00	-2.730726728667673e+00	-2.771976477263085e+00	7.078770000000000e+02	1.197510000000000e+01	24012.677909434879	8758.3585981654305	262.64860352585629	-6.7410195836376641	-0.36237853692641553	-0.62198277399510915	0	0.0011246552273685123	0	0	0	success	non_bfb	success	no_coex_pair	53.712000000000003	nan	nan	nan	nan	nan	nan	nan	nan	nan	nan	nan	nan	nan	nan	nan	nan	nan	nan	nan	nan	nan	nan	nan	nan	nan	nan	nan	nan	nan	nan	nan	nan	nan	nan	nan	nan	nan	nan	nan	nan	nan	nan	nan	nan	nan	nan	nan	nan	nan	nan	nan	nan	nan	nan	nan	nan	nan	nan	nan	nan	nan	nan	nan	nan	nan	nan	nan	nan	nan	nan	nan	nan	nan	nan	not_set	nan	nan	nan	nan	nan	nan	nan	nan	nan	nan	nan	nan	nan	nan	nan	nan	nan	nan	nan	nan	nan	nan	nan	nan	nan	nan	nan	nan	nan	nan	nan	nan	nan	nan	nan	nan	nan	nan	nan	nan	nan	nan	nan	nan	nan	nan	nan	nan	nan	nan	nan	nan	nan	nan	nan	nan	nan	nan	nan	nan	nan	nan	nan	nan	nan	nan	nan	nan	nan	nan	nan	nan	nan	nan	nan	nan	nan	nan	nan	nan	nan	nan	nan	nan	nan	nan	nan	nan	nan	nan	nan	nan	nan	nan	nan	nan	nan	nan	nan	nan	nan	nan	nan	nan	nan	nan	nan	nan	nan	nan	nan	nan	nan	nan	nan	nan	nan	nan	nan	nan	nan	nan	nan	nan	nan	nan	nan	nan	nan	nan	nan	nan	nan	nan	nan	nan	nan	nan	nan	nan	nan	nan	nan	nan	nan	nan	nan	nan	needs_multistep_run	0.000000000000000e+00	random_20260901_123243.md
7.048930000000000e+01	3.058630000000000e+02	2.986260000000000e+02	6.004390000000000e+02	1.438370000000000e-01	6.905140000000000e+00	0.000000000000000e+00	-1.000000000000000e+30	tracing_not_set_coex_not_set	0	0	0	true	2.471830344852929e-01	true	7.751627215227979e+00	true	3.257012280000000e-04	3.135262530000000e-09	1.503691902238189e+00	1.177879607871591e+00	true	1.374755603300257e+00	8.035363681243506e+01	2.494155129053138e+00	2.314867373581182e-01	true	true	5.969748007957526e-01	7.226791852009425e-01	5.969748007957526e-01	2.813886930003046e-03	5.777400261901127e-01	3.635547012141140e+00	5.777400261901127e-01	1.771265800485412e-03	CMS:2019ogx	CMS:2012qwq	CMS:2019ogx	ATLAS:2021upq	LHC13 [H]->X1->Z(X2->[bb])	LHC8 [vbfH;HW;Htt;H;HZ]>[bb;tautau;WW;ZZ;gamgam]	LHC13 [H]->X1->Z(X2->[bb])	LHC13 [Hpmtb>tb]	4.439336346990785e+00	true	all checks passed	1	1.354054101608014e+00	2.476246330404059e-01	3.215537287756997e+00	-1.331378978403423e+00	-1.475958491028184e+00	6.004390000000000e+02	6.905140000000000e+00	6067.6503965792208	1873.4030455540469	332.25413694413055	-1.8759145246559932	-0.062778681130942343	0.0096282371171334865	0	-0.0079729736029823823	0	0	0	no_nlo_stability	not_set	not_set	not_set	0.54200000000000004	nan	nan	nan	nan	nan	nan	nan	nan	nan	nan	nan	nan	nan	nan	nan	nan	nan	nan	nan	nan	nan	nan	nan	nan	nan	nan	nan	nan	nan	nan	nan	nan	nan	nan	nan	nan	nan	nan	nan	nan	nan	nan	nan	nan	nan	nan	nan	nan	nan	nan	nan	nan	nan	nan	nan	nan	nan	nan	nan	nan	nan	nan	nan	nan	nan	nan	nan	nan	nan	nan	nan	nan	nan	nan	not_set	nan	nan	nan	nan	nan	nan	nan	nan	nan	nan	nan	nan	nan	nan	nan	nan	nan	nan	nan	nan	nan	nan	nan	nan	nan	nan	nan	nan	nan	nan	nan	nan	nan	nan	nan	nan	nan	nan	nan	nan	nan	nan	nan	nan	nan	nan	nan	nan	nan	nan	nan	nan	nan	nan	nan	nan	nan	nan	nan	nan	nan	nan	nan	nan	nan	nan	nan	nan	nan	nan	nan	nan	nan	nan	nan	nan	nan	nan	nan	nan	nan	nan	nan	nan	nan	nan	nan	nan	nan	nan	nan	nan	nan	nan	nan	nan	nan	nan	nan	nan	nan	nan	nan	nan	nan	nan	nan	nan	nan	nan	nan	nan	nan	nan	nan	nan	nan	nan	nan	nan	nan	nan	nan	nan	nan	nan	nan	nan	nan	nan	nan	nan	nan	nan	nan	nan	nan	nan	nan	nan	nan	nan	nan	nan	nan	nan	nan	nan	needs_multistep_run	0.000000000000000e+00	random_20260815_194920.md
6.468740000000000e+01	3.035930000000000e+02	2.871930000000000e+02	5.638560000000000e+02	1.328490000000000e-01	7.133680000000000e+00	0.000000000000000e+00	-1.000000000000000e+30	tracing_not_set_coex_not_set	0	0	0	true	2.475311191881937e-01	true	6.611211526714178e+00	true	3.257672190000000e-04	3.134522700000000e-09	1.495185908570530e+00	1.183423624438643e+00	true	7.686207011547165e+00	8.033936341755154e+01	2.493457265851802e+00	2.315587605108983e-01	true	true	6.038397973290460e-01	7.277293558743900e-01	6.038397973290460e-01	2.311595268510172e-03	5.764587380408424e-01	3.660952660011778e+00	5.764587380408424e-01	1.611174612115864e-03	CMS:2019ogx	CMS:2012qwq	CMS:2019ogx	ATLAS:2021upq	LHC13 [H]->X1->Z(X2->[bb])	LHC8 [vbfH;HW;Htt;H;HZ]>[bb;tautau;WW;ZZ;gamgam]	LHC13 [H]->X1->Z(X2->[bb])	LHC13 [Hpmtb>tb]	4.517331620774769e+00	true	all checks passed	1	8.496414673588780e-01	2.479733396051678e-01	3.014573028230408e+00	-1.135063771342109e+00	-1.455272985434250e+00	5.638560000000000e+02	7.133680000000000e+00	4849.4820281107905	1577.0803103867686	247.44351195826977	-1.5705514252280537	-0.053963561875002265	0.022134043216219253	0	-0.01821304903373799	0	0	0	no_nlo_stability	not_set	not_set	not_set	0.57899999999999996	nan	nan	nan	nan	nan	nan	nan	nan	nan	nan	nan	nan	nan	nan	nan	nan	nan	nan	nan	nan	nan	nan	nan	nan	nan	nan	nan	nan	nan	nan	nan	nan	nan	nan	nan	nan	nan	nan	nan	nan	nan	nan	nan	nan	nan	nan	nan	nan	nan	nan	nan	nan	nan	nan	nan	nan	nan	nan	nan	nan	nan	nan	nan	nan	nan	nan	nan	nan	nan	nan	nan	nan	nan	nan	not_set	nan	nan	nan	nan	nan	nan	nan	nan	nan	nan	nan	nan	nan	nan	nan	nan	nan	nan	nan	nan	nan	nan	nan	nan	nan	nan	nan	nan	nan	nan	nan	nan	nan	nan	nan	nan	nan	nan	nan	nan	nan	nan	nan	nan	nan	nan	nan	nan	nan	nan	nan	nan	nan	nan	nan	nan	nan	nan	nan	nan	nan	nan	nan	nan	nan	nan	nan	nan	nan	nan	nan	nan	nan	nan	nan	nan	nan	nan	nan	nan	nan	nan	nan	nan	nan	nan	nan	nan	nan	nan	nan	nan	nan	nan	nan	nan	nan	nan	nan	nan	nan	nan	nan	nan	nan	nan	nan	nan	nan	nan	nan	nan	nan	nan	nan	nan	nan	nan	nan	nan	nan	nan	nan	nan	nan	nan	nan	nan	nan	nan	nan	nan	nan	nan	nan	nan	nan	nan	nan	nan	nan	nan	nan	nan	nan	nan	nan	nan	needs_multistep_run	0.000000000000000e+00	random_20260817_182439.md
1.042640000000000e+02	3.705680000000000e+02	3.712380000000000e+02	7.697820000000000e+02	1.861620000000000e-01	7.564030000000000e+00	0.000000000000000e+00	-1.000000000000000e+30	tracing_success_coex_no_coex_pair	0	0	0	true	2.526991692452624e-01	true	1.867922814004258e+01	true	3.309738060000000e-04	3.468629280000000e-09	9.001209698771097e-01	4.126635830183145e-03	true	4.280067874963758e-01	8.036597273192115e+01	2.494664614784630e+00	2.314423404618643e-01	true	true	7.368184850051412e-01	7.345775823060134e-01	7.368184850051412e-01	1.078772103945224e-03	1.163002700364531e+00	1.201787853311845e+00	1.163002700364531e+00	8.175459378842979e-04	ATLAS-CONF-2023-034-Fig5-bot	ATLAS:2014vuz	ATLAS-CONF-2023-034-Fig5-bot	CMS:2020imj	LHC13 [ggH]->X1->Z(X2->[bb])	LHC8 [HW;HZ]>[bb]	LHC13 [ggH]->X1->Z(X2->[bb])	LHC13 [Hpmtb>tb]	5.459306212300504e+00	true	all checks passed	1	5.305314429633870e+00	2.531506225104483e-01	4.636752363208675e+00	-2.187689863117511e+00	-2.171264123808899e+00	7.697820000000000e+02	7.564030000000000e+00	15943.538224928523	5229.2682157458185	371.0284344534864	-2.1817310648329697	-0.18996996805254146	-0.26922885674019059	0	-0.0013851335895273256	0	0	0	success	non_bfb	success	no_coex_pair	11.228999999999999	nan	nan	nan	nan	nan	nan	nan	nan	nan	nan	nan	nan	nan	nan	nan	nan	nan	nan	nan	nan	nan	nan	nan	nan	nan	nan	nan	nan	nan	nan	nan	nan	nan	nan	nan	nan	nan	nan	nan	nan	nan	nan	nan	nan	nan	nan	nan	nan	nan	nan	nan	nan	nan	nan	nan	nan	nan	nan	nan	nan	nan	nan	nan	nan	nan	nan	nan	nan	nan	nan	nan	nan	nan	nan	not_set	nan	nan	nan	nan	nan	nan	nan	nan	nan	nan	nan	nan	nan	nan	nan	nan	nan	nan	nan	nan	nan	nan	nan	nan	nan	nan	nan	nan	nan	nan	nan	nan	nan	nan	nan	nan	nan	nan	nan	nan	nan	nan	nan	nan	nan	nan	nan	nan	nan	nan	nan	nan	nan	nan	nan	nan	nan	nan	nan	nan	nan	nan	nan	nan	nan	nan	nan	nan	nan	nan	nan	nan	nan	nan	nan	nan	nan	nan	nan	nan	nan	nan	nan	nan	nan	nan	nan	nan	nan	nan	nan	nan	nan	nan	nan	nan	nan	nan	nan	nan	nan	nan	nan	nan	nan	nan	nan	nan	nan	nan	nan	nan	nan	nan	nan	nan	nan	nan	nan	nan	nan	nan	nan	nan	nan	nan	nan	nan	nan	nan	nan	nan	nan	nan	nan	nan	nan	nan	nan	nan	nan	nan	nan	nan	nan	nan	nan	nan	needs_multistep_run	0.000000000000000e+00	random_20260901_134416.md
7.654460000000000e+01	4.688500000000000e+02	4.611370000000000e+02	3.506560000000000e+02	6.131440000000000e-02	6.533670000000000e+00	0.000000000000000e+00	-1.000000000000000e+30	tracing_not_set_coex_not_set	0	0	0	true	2.554844897897411e-01	true	1.644470751357554e+01	true	3.308640020000000e-04	3.469910330000000e-09	9.111202865817324e-01	4.713688950165382e-03	true	4.525812239174347e+00	8.034497302316311e+01	2.493607647783031e+00	2.315369659472344e-01	true	true	5.653843506563058e-01	7.637971073386174e-01	5.653843506563058e-01	3.113421984230745e-01	5.487999163766243e-01	1.249591749196454e+00	5.487999163766243e-01	3.428911123994528e-01	CMS:2019ogx	ATLAS:2014vuz	CMS:2019ogx	ATLAS:2018gfm	LHC13 [H]->X1->Z(X2->[bb])	LHC8 [HW;HZ]>[bb]	LHC13 [H]->X1->Z(X2->[bb])	LHC13 [Hpmtb>taunu]	4.032317497913567e+00	true	all checks passed	1	2.891605972108318e+00	2.559409190984105e-01	7.212239626510955e+00	-3.356626402593453e+00	-3.593687336263887e+00	3.506560000000000e+02	6.533670000000000e+00	29652.922188974913	14693.129410815049	1353.3490903012851	-6.8930798863888416	-0.66599165573729824	-0.70818455486567478	0	0.0094413813393567289	0	0	0	no_nlo_stability	not_set	not_set	not_set	0.53100000000000003	nan	nan	nan	nan	nan	nan	nan	nan	nan	nan	nan	nan	nan	nan	nan	nan	nan	nan	nan	nan	nan	nan	nan	nan	nan	nan	nan	nan	nan	nan	nan	nan	nan	nan	nan	nan	nan	nan	nan	nan	nan	nan	nan	nan	nan	nan	nan	nan	nan	nan	nan	nan	nan	nan	nan	nan	nan	nan	nan	nan	nan	nan	nan	nan	nan	nan	nan	nan	nan	nan	nan	nan	nan	nan	not_set	nan	nan	nan	nan	nan	nan	nan	nan	nan	nan	nan	nan	nan	nan	nan	nan	nan	nan	nan	nan	nan	nan	nan	nan	nan	nan	nan	nan	nan	nan	nan	nan	nan	nan	nan	nan	nan	nan	nan	nan	nan	nan	nan	nan	nan	nan	nan	nan	nan	nan	nan	nan	nan	nan	nan	nan	nan	nan	nan	nan	nan	nan	nan	nan	nan	nan	nan	nan	nan	nan	nan	nan	nan	nan	nan	nan	nan	nan	nan	nan	nan	nan	nan	nan	nan	nan	nan	nan	nan	nan	nan	nan	nan	nan	nan	nan	nan	nan	nan	nan	nan	nan	nan	nan	nan	nan	nan	nan	nan	nan	nan	nan	nan	nan	nan	nan	nan	nan	nan	nan	nan	nan	nan	nan	nan	nan	nan	nan	nan	nan	nan	nan	nan	nan	nan	nan	nan	nan	nan	nan	nan	nan	nan	nan	nan	nan	nan	nan	needs_multistep_run	0.000000000000000e+00	random_20260821_011644.md
1.069150000000000e+02	5.582140000000001e+02	5.580680000000000e+02	7.526630000000000e+02	7.709330000000000e-02	1.394270000000000e+01	0.000000000000000e+00	-1.000000000000000e+30	tracing_not_set_coex_not_set	0	0	0	true	2.566387633789864e-01	true	2.154757880702423e+01	true	3.321565620000000e-04	3.453256190000000e-09	7.858764644317046e-01	1.260734044720597e-04	true	3.126040360716998e-01	8.036433477286302e+01	2.494591519580364e+00	2.314500813319515e-01	true	true	6.011578458452181e-01	7.634930969989644e-01	1.394544423960118e-01	0.000000000000000e+00	5.097822840295143e-01	1.249094380447017e+00	1.911487531982350e-01	0.000000000000000e+00	CMS:2015mca	ATLAS:2014vuz	ATLAS-CONF-2023-034-Fig5-bot		2d likelihood {LHC8 [ggH>tautau]; LHC8 [bbH>tautau]}	LHC8 [HW;HZ]>[bb]	LHC13 [ggH]->X1->Z(X2->[bb])		4.790366060098194e+00	true	all checks passed	1	3.321894177288913e+00	2.570972548257402e-01	1.026088500036564e+01	-4.969409386873399e+00	-4.974795637517859e+00	7.526630000000000e+02	1.394270000000000e+01	47418.01756347355	29336.619147650115	569.86381755437935	-25.329009355703139	-1.660643776085249	-1.9719593732917331	0	-0.00014988843273494416	0	6.5192580223083496e-09	0	no_nlo_stability	not_set	not_set	not_set	0.52000000000000002	nan	nan	nan	nan	nan	nan	nan	nan	nan	nan	nan	nan	nan	nan	nan	nan	nan	nan	nan	nan	nan	nan	nan	nan	nan	nan	nan	nan	nan	nan	nan	nan	nan	nan	nan	nan	nan	nan	nan	nan	nan	nan	nan	nan	nan	nan	nan	nan	nan	nan	nan	nan	nan	nan	nan	nan	nan	nan	nan	nan	nan	nan	nan	nan	nan	nan	nan	nan	nan	nan	nan	nan	nan	nan	not_set	nan	nan	nan	nan	nan	nan	nan	nan	nan	nan	nan	nan	nan	nan	nan	nan	nan	nan	nan	nan	nan	nan	nan	nan	nan	nan	nan	nan	nan	nan	nan	nan	nan	nan	nan	nan	nan	nan	nan	nan	nan	nan	nan	nan	nan	nan	nan	nan	nan	nan	nan	nan	nan	nan	nan	nan	nan	nan	nan	nan	nan	nan	nan	nan	nan	nan	nan	nan	nan	nan	nan	nan	nan	nan	nan	nan	nan	nan	nan	nan	nan	nan	nan	nan	nan	nan	nan	nan	nan	nan	nan	nan	nan	nan	nan	nan	nan	nan	nan	nan	nan	nan	nan	nan	nan	nan	nan	nan	nan	nan	nan	nan	nan	nan	nan	nan	nan	nan	nan	nan	nan	nan	nan	nan	nan	nan	nan	nan	nan	nan	nan	nan	nan	nan	nan	nan	nan	nan	nan	nan	nan	nan	nan	nan	nan	nan	nan	nan	needs_multistep_run	0.000000000000000e+00	random_20260821_011644.md
6.741530000000000e+01	4.733870000000000e+02	4.792730000000000e+02	3.081440000000000e+02	8.537260000000001e-02	9.392530000000001e+00	0.000000000000000e+00	-1.000000000000000e+30	tracing_not_set_coex_not_set	0	0	0	true	2.534108221284337e-01	true	1.748963683077590e+01	true	3.317061160000000e-04	3.459102820000000e-09	8.284720881037592e-01	9.852714857598208e-04	true	5.382233592473458e+00	8.038204361481100e+01	2.495831509923870e+00	2.313299010234728e-01	true	true	2.193140669249153e-01	7.611804602677278e-01	2.193140669249153e-01	2.192684534184698e-04	2.635780415025246e-01	1.245310847162489e+00	2.635780415025246e-01	1.707046513266547e-04	CMS:2019ogx	ATLAS:2014vuz	CMS:2019ogx	ATLAS:2021upq	LHC13 [H]->X1->Z(X2->[bb])	LHC8 [HW;HZ]>[bb]	LHC13 [H]->X1->Z(X2->[bb])	LHC13 [Hpmtb>tb]	4.264397122312857e+00	true	all checks passed	1	3.025511763727239e+00	2.538635467789540e-01	7.868147942457371e+00	-3.840024227918453e+00	-3.654706072058845e+00	3.081440000000000e+02	9.392530000000001e+00	33475.195595200807	16863.184884226775	1081.4135234703149	-15.471932780210702	-0.79001587927561556	-0.81429319614812523	0	-0.0095791173250337532	0	0	0	no_nlo_stability	not_set	not_set	not_set	0.38900000000000001	nan	nan	nan	nan	nan	nan	nan	nan	nan	nan	nan	nan	nan	nan	nan	nan	nan	nan	nan	nan	nan	nan	nan	nan	nan	nan	nan	nan	nan	nan	nan	nan	nan	nan	nan	nan	nan	nan	nan	nan	nan	nan	nan	nan	nan	nan	nan	nan	nan	nan	nan	nan	nan	nan	nan	nan	nan	nan	nan	nan	nan	nan	nan	nan	nan	nan	nan	nan	nan	nan	nan	nan	nan	nan	not_set	nan	nan	nan	nan	nan	nan	nan	nan	nan	nan	nan	nan	nan	nan	nan	nan	nan	nan	nan	nan	nan	nan	nan	nan	nan	nan	nan	nan	nan	nan	nan	nan	nan	nan	nan	nan	nan	nan	nan	nan	nan	nan	nan	nan	nan	nan	nan	nan	nan	nan	nan	nan	nan	nan	nan	nan	nan	nan	nan	nan	nan	nan	nan	nan	nan	nan	nan	nan	nan	nan	nan	nan	nan	nan	nan	nan	nan	nan	nan	nan	nan	nan	nan	nan	nan	nan	nan	nan	nan	nan	nan	nan	nan	nan	nan	nan	nan	nan	nan	nan	nan	nan	nan	nan	nan	nan	nan	nan	nan	nan	nan	nan	nan	nan	nan	nan	nan	nan	nan	nan	nan	nan	nan	nan	nan	nan	nan	nan	nan	nan	nan	nan	nan	nan	nan	nan	nan	nan	nan	nan	nan	nan	nan	nan	nan	nan	nan	nan	needs_multistep_run	0.000000000000000e+00	random_20260831_184047.md
1.104130000000000e+02	3.088500000000000e+02	3.054950000000000e+02	7.676020000000000e+02	1.283900000000000e-01	1.294080000000000e+01	0.000000000000000e+00	-1.000000000000000e+30	tracing_success_coex_no_coex_pair	0	0	0	true	0.2559094660212184	true	21.13985625946816	true	0.000327253037	3.11641167e-09	1.3100565089290006	1.3232006410486172	true	0.38488557842053345				true	true	0.7925021225306729	0.7398997637723823	0.10353097142607248	0.00030969126395034337	1.282444288965474	3.722177738824283	0.13816472615997838	0.00019210311063650275	ATLAS:2014vuz	CMS:2012qwq	CMS:2019ogx	ATLAS:2021upq	LHC8 [HW,HZ]>[bb]	LHC8 [vbfH,HW,Htt,H,HZ]>[bb,tautau,WW,ZZ,gamgam]	LHC13 [H]->X1->Z(X2->[bb])	LHC13 [Hpmtb>tb]	5.577559053222814	true	all checks passed	1	6.684282919151196e+00	2.563666545603511e-01	3.067071116898386e+00	-1.343006265497244e+00	-1.411124696160210e+00	7.676020000000000e+02	1.294080000000000e+01	11500.008271015038	1739.5141238288495	173.40767692686819	-5.1145472124364151	-0.061193921759593789	-0.044662463000798777	0	-0.0021226333007688678	0	0	0	success	non_bfb	success	no_coex_pair	15.130000000000001	nan	nan	nan	nan	nan	nan	nan	nan	nan	nan	nan	nan	nan	nan	nan	nan	nan	nan	nan	nan	nan	nan	nan	nan	nan	nan	nan	nan	nan	nan	nan	nan	nan	nan	nan	nan	nan	nan	nan	nan	nan	nan	nan	nan	nan	nan	nan	nan	nan	nan	nan	nan	nan	nan	nan	nan	nan	nan	nan	nan	nan	nan	nan	nan	nan	nan	nan	nan	nan	nan	nan	nan	nan	nan	not_set	nan	nan	nan	nan	nan	nan	nan	nan	nan	nan	nan	nan	nan	nan	nan	nan	nan	nan	nan	nan	nan	nan	nan	nan	nan	nan	nan	nan	nan	nan	nan	nan	nan	nan	nan	nan	nan	nan	nan	nan	nan	nan	nan	nan	nan	nan	nan	nan	nan	nan	nan	nan	nan	nan	nan	nan	nan	nan	nan	nan	nan	nan	nan	nan	nan	nan	nan	nan	nan	nan	nan	nan	nan	nan	nan	nan	nan	nan	nan	nan	nan	nan	nan	nan	nan	nan	nan	nan	nan	nan	nan	nan	nan	nan	nan	nan	nan	nan	nan	nan	nan	nan	nan	nan	nan	nan	nan	nan	nan	nan	nan	nan	nan	nan	nan	nan	nan	nan	nan	nan	nan	nan	nan	nan	nan	nan	nan	nan	nan	nan	nan	nan	nan	nan	nan	nan	nan	nan	nan	nan	nan	nan	nan	nan	nan	nan	nan	nan	needs_multistep_run	0.000000000000000e+00	random_20260813_154904.md
7.435050000000000e+01	3.375620000000000e+02	3.457030000000000e+02	6.948070000000000e+02	1.182780000000000e-01	7.261320000000000e+00	0.000000000000000e+00	-1.000000000000000e+30	tracing_not_set_coex_not_set	0	0	0	true	2.501832872983190e-01	true	8.312445753451167e+00	true	3.261496220000000e-04	3.129691370000000e-09	1.446370567154809e+00	1.219947900742888e+00	true	5.020356424495603e+00	8.038132052514847e+01	2.495665532862795e+00	2.313403854641653e-01	true	true	7.574870849129273e-01	7.335594410935615e-01	7.574870849129273e-01	1.387527382389140e-03	9.182520846519563e-01	3.690281786037725e+00	9.182520846519563e-01	1.000311022823758e-03	CMS:2019ogx	CMS:2012qwq	CMS:2019ogx	CMS:2020imj	LHC13 [H]->X1->Z(X2->[bb])	LHC8 [vbfH;HW;Htt;H;HZ]>[bb;tautau;WW;ZZ;gamgam]	LHC13 [H]->X1->Z(X2->[bb])	LHC13 [Hpmtb>tb]	4.005539689378594e+00	true	all checks passed	1	1.000790449688333e+00	2.506302458786860e-01	4.166540950859352e+00	-1.981825014255680e+00	-1.797990644336981e+00	6.948070000000000e+02	7.261320000000000e+00	9387.5655286315414	3760.777719159913	529.89519804092981	-3.5444884672842267	-0.12883176041425254	-0.051127437095686228	0	0.0058535737729578123	0	0	0	no_nlo_stability	not_set	not_set	not_set	0.629	nan	nan	nan	nan	nan	nan	nan	nan	nan	nan	nan	nan	nan	nan	nan	nan	nan	nan	nan	nan	nan	nan	nan	nan	nan	nan	nan	nan	nan	nan	nan	nan	nan	nan	nan	nan	nan	nan	nan	nan	nan	nan	nan	nan	nan	nan	nan	nan	nan	nan	nan	nan	nan	nan	nan	nan	nan	nan	nan	nan	nan	nan	nan	nan	nan	nan	nan	nan	nan	nan	nan	nan	nan	nan	not_set	nan	nan	nan	nan	nan	nan	nan	nan	nan	nan	nan	nan	nan	nan	nan	nan	nan	nan	nan	nan	nan	nan	nan	nan	nan	nan	nan	nan	nan	nan	nan	nan	nan	nan	nan	nan	nan	nan	nan	nan	nan	nan	nan	nan	nan	nan	nan	nan	nan	nan	nan	nan	nan	nan	nan	nan	nan	nan	nan	nan	nan	nan	nan	nan	nan	nan	nan	nan	nan	nan	nan	nan	nan	nan	nan	nan	nan	nan	nan	nan	nan	nan	nan	nan	nan	nan	nan	nan	nan	nan	nan	nan	nan	nan	nan	nan	nan	nan	nan	nan	nan	nan	nan	nan	nan	nan	nan	nan	nan	nan	nan	nan	nan	nan	nan	nan	nan	nan	nan	nan	nan	nan	nan	nan	nan	nan	nan	nan	nan	nan	nan	nan	nan	nan	nan	nan	nan	nan	nan	nan	nan	nan	nan	nan	nan	nan	nan	nan	needs_multistep_run	0.000000000000000e+00	random_20260817_233645.md
1.003400000000000e+02	2.864460000000000e+02	2.825650000000000e+02	9.162340000000000e+01	1.944590000000000e-01	5.300620000000000e+00	0.000000000000000e+00	-1.000000000000000e+30	tracing_success_coex_no_coex_pair	0	0	0	true	2.534115511015867e-01	true	1.612861264504065e+01	true	3.240257390000000e-04	3.155734370000000e-09	1.727738815778731e+00	1.029634494640866e+00	true	3.905459775050103e-01	8.035909699840556e+01	2.494249140370273e+00	2.314805961782695e-01	true	true	4.962276466604085e-01	6.899090014817957e-01	4.962276466604085e-01	1.003520306989095e-02	6.797656595003400e-01	3.470691643469723e+00	6.797656595003400e-01	7.240998358937482e-03	CMS:2019ogx	CMS:2012qwq	CMS:2019ogx	ATLAS:2021upq	LHC13 [H]->X1->Z(X2->[bb])	LHC8 [vbfH;HW;Htt;H;HZ]>[bb;tautau;WW;ZZ;gamgam]	LHC13 [H]->X1->Z(X2->[bb])	LHC13 [Hpmtb>tb]	5.670584263694280e+00	true	all checks passed	1	4.978917023034953e+00	2.538642770544354e-01	2.804846744702322e+00	-1.274567078055337e+00	-1.347550477189451e+00	9.162340000000000e+01	5.300620000000000e+00	7776.2508684865461	1224.5798749695871	386.55310034381483	-0.08549143743272386	-0.046060203443670754	0.0026854003316593654	0	-0.0030293510334140645	0	0	0	success	non_bfb	success	no_coex_pair	14.215	nan	nan	nan	nan	nan	nan	nan	nan	nan	nan	nan	nan	nan	nan	nan	nan	nan	nan	nan	nan	nan	nan	nan	nan	nan	nan	nan	nan	nan	nan	nan	nan	nan	nan	nan	nan	nan	nan	nan	nan	nan	nan	nan	nan	nan	nan	nan	nan	nan	nan	nan	nan	nan	nan	nan	nan	nan	nan	nan	nan	nan	nan	nan	nan	nan	nan	nan	nan	nan	nan	nan	nan	nan	nan	not_set	nan	nan	nan	nan	nan	nan	nan	nan	nan	nan	nan	nan	nan	nan	nan	nan	nan	nan	nan	nan	nan	nan	nan	nan	nan	nan	nan	nan	nan	nan	nan	nan	nan	nan	nan	nan	nan	nan	nan	nan	nan	nan	nan	nan	nan	nan	nan	nan	nan	nan	nan	nan	nan	nan	nan	nan	nan	nan	nan	nan	nan	nan	nan	nan	nan	nan	nan	nan	nan	nan	nan	nan	nan	nan	nan	nan	nan	nan	nan	nan	nan	nan	nan	nan	nan	nan	nan	nan	nan	nan	nan	nan	nan	nan	nan	nan	nan	nan	nan	nan	nan	nan	nan	nan	nan	nan	nan	nan	nan	nan	nan	nan	nan	nan	nan	nan	nan	nan	nan	nan	nan	nan	nan	nan	nan	nan	nan	nan	nan	nan	nan	nan	nan	nan	nan	nan	nan	nan	nan	nan	nan	nan	nan	nan	nan	nan	nan	nan	needs_multistep_run	0.000000000000000e+00	random_20260831_090924.md
8.668989999999999e+01	4.005180000000000e+02	3.978800000000000e+02	5.571580000000000e+02	9.982790000000000e-02	1.214280000000000e+01	0.000000000000000e+00	-1.000000000000000e+30	tracing_not_set_coex_not_set	0	0	0	true	2.543018270041304e-01	true	1.309922496709125e+01	true	3.273222810000000e-04	3.115525180000000e-09	1.301727149703493e+00	1.330242630368994e+00	true	4.028062941735165e-01	8.035921718274587e+01	2.494350998709783e+00	2.314684900969654e-01	true	true	3.533270182623993e-01	7.470566120698728e-01	3.533270182623993e-01	0.000000000000000e+00	2.740401037062651e-01	3.758181347309360e+00	2.740401037062651e-01	0.000000000000000e+00	CMS:2019ogx	CMS:2012qwq	CMS:2019ogx		LHC13 [H]->X1->Z(X2->[bb])	LHC8 [vbfH;HW;Htt;H;HZ]>[bb;tautau;WW;ZZ;gamgam]	LHC13 [H]->X1->Z(X2->[bb])		4.515446110274553e+00	true	all checks passed	1	2.491856167415194e+00	2.547561434567198e-01	5.411281589121508e+00	-2.468619513809178e+00	-2.538226689564349e+00	5.571580000000000e+02	1.214280000000000e+01	16550.78583102415	7481.6400500304317	394.20421861581974	-11.867516547165266	-0.29197838084714467	-0.2699509398723135	0	-0.00091892914115187607	0	0	0	no_nlo_stability	not_set	not_set	not_set	0.64900000000000002	nan	nan	nan	nan	nan	nan	nan	nan	nan	nan	nan	nan	nan	nan	nan	nan	nan	nan	nan	nan	nan	nan	nan	nan	nan	nan	nan	nan	nan	nan	nan	nan	nan	nan	nan	nan	nan	nan	nan	nan	nan	nan	nan	nan	nan	nan	nan	nan	nan	nan	nan	nan	nan	nan	nan	nan	nan	nan	nan	nan	nan	nan	nan	nan	nan	nan	nan	nan	nan	nan	nan	nan	nan	nan	not_set	nan	nan	nan	nan	nan	nan	nan	nan	nan	nan	nan	nan	nan	nan	nan	nan	nan	nan	nan	nan	nan	nan	nan	nan	nan	nan	nan	nan	nan	nan	nan	nan	nan	nan	nan	nan	nan	nan	nan	nan	nan	nan	nan	nan	nan	nan	nan	nan	nan	nan	nan	nan	nan	nan	nan	nan	nan	nan	nan	nan	nan	nan	nan	nan	nan	nan	nan	nan	nan	nan	nan	nan	nan	nan	nan	nan	nan	nan	nan	nan	nan	nan	nan	nan	nan	nan	nan	nan	nan	nan	nan	nan	nan	nan	nan	nan	nan	nan	nan	nan	nan	nan	nan	nan	nan	nan	nan	nan	nan	nan	nan	nan	nan	nan	nan	nan	nan	nan	nan	nan	nan	nan	nan	nan	nan	nan	nan	nan	nan	nan	nan	nan	nan	nan	nan	nan	nan	nan	nan	nan	nan	nan	nan	nan	nan	nan	nan	nan	needs_multistep_run	0.000000000000000e+00	random_20260816_190714.md
